"pt","site","latitude","longitude","occ1","occ2","occ3","occ4","obs1","obs2","obs3","obs4","ord1","ord2","ord3","ord4","dtime1","dtime2","dtime3","dtime4","mean2018","max2018","No_trees_mean","No_trees_max","No_wires_mean","No_wires_max","No_SW_mean","No_SW_max","No_SE_mean","No_SE_max","No_N_mean","No_N_max"
"KR01","K",40.53577482,-74.66251634,0,0,0,0,"Mike Allen","Mike Allen","Mike Allen","Mike Allen",121,145,163,185,5.78333333333333,9.75,5.68333333333333,9.76666666666667,60.3223609924316,46.7974739074707,60.4015655517578,46.7974739074707,60.3927879333496,46.7974739074707,60.400203704834,46.7974739074707,60.3931694030762,46.7974739074707,60.3223609924316,46.7974739074707
"KR02","K",40.53649276,-74.6615681,0,0,0,0,"Mike Allen","Mike Allen","Mike Allen","Mike Allen",121,145,163,185,5.9,9.6,5.8,9.63333333333333,65.6780700683594,60.6532707214355,65.7030563354492,60.6532707214355,65.6872482299805,60.6532707214355,65.7000885009766,60.6532707214355,65.6898880004883,60.6532707214355,65.6780700683594,60.6532707214355
"KR03","K",40.53721069,-74.66061983,1,0,0,0,"Mike Allen","Mike Allen","Mike Allen","Mike Allen",121,145,163,185,6.01666666666667,9.46666666666667,5.93333333333333,9.5,66.617790222168,63.7521438598633,66.6578521728516,63.7578735351562,66.6173782348633,63.7521438598633,66.6181640625,63.7521438598633,66.6568069458008,63.7578735351562,66.617790222168,63.7521438598633
"KR04","K",40.53792862,-74.65967155,0,0,0,1,"Mike Allen","Mike Allen","Mike Allen","Mike Allen",121,145,163,185,6.15,9.31666666666667,6.1,9.36666666666667,65.2233657836914,58.76318359375,65.98486328125,61.4570732116699,65.200553894043,58.76318359375,65.2011108398438,58.76318359375,65.9843063354492,61.4570732116699,65.2233657836914,58.76318359375
"KR05","K",40.53864653,-74.65872324,0,0,0,0,"Mike Allen","Mike Allen","Mike Allen","Mike Allen",121,145,163,185,6.48333333333333,9.15,6.26666666666667,9.23333333333333,60.5469703674316,45.6147689819336,61.3207740783691,46.0975456237793,60.6414833068848,45.6147689819336,60.6427917480469,45.6147689819336,61.3135871887207,46.0975456237793,60.5469703674316,45.6147689819336
"KR06","K",40.54008794,-74.65871593,0,0,0,0,"Mike Allen","Mike Allen","Mike Allen","Mike Allen",121,145,163,185,6.61666666666667,8.96666666666667,6.4,9.11666666666667,64.9840087890625,47.8870582580566,65.1692657470703,47.8870582580566,65.0686492919922,47.8870582580566,65.0708084106445,47.8870582580566,65.1668472290039,47.8870582580566,64.9840316772461,47.8870582580566
"KR07","K",40.53937003,-74.65966426,0,0,0,0,"Mike Allen","Mike Allen","Mike Allen","Mike Allen",121,145,163,185,6.75,8.83333333333333,6.51666666666667,8.98333333333333,65.2806015014648,59.4926910400391,66.081787109375,60.6338043212891,65.3042221069336,59.4926910400391,65.3222808837891,59.4926910400391,66.0617980957031,60.6338043212891,65.2806015014648,59.4926910400391
"KR08","K",40.5386521,-74.66061256,0,0,0,0,"Mike Allen","Mike Allen","Mike Allen","Mike Allen",121,145,163,185,6.91666666666667,8.68333333333333,6.66666666666667,8.83333333333333,59.3723487854004,43.4377708435059,66.1410522460938,63.8057289123535,59.3525886535645,43.4377708435059,59.3646812438965,43.4377708435059,66.1282043457031,63.8046607971191,59.3723526000977,43.4377708435059
"KR09","K",40.53793417,-74.66156085,0,0,1,1,"Mike Allen","Mike Allen","Mike Allen","Mike Allen",121,145,163,185,7.05,8.55,6.78333333333333,8.68333333333333,67.4483032226562,65.3509368896484,67.5877532958984,66.2292404174805,67.4583206176758,65.3509368896484,67.546012878418,65.4853515625,67.5000381469727,65.912841796875,67.4483261108398,65.3509368896484
"KR10","K",40.53721622,-74.66250911,0,0,0,0,"Mike Allen","Mike Allen","Mike Allen","Mike Allen",121,145,163,185,7.18333333333333,8.38333333333333,6.93333333333333,8.56666666666667,66.0762023925781,59.8110885620117,67.0005874633789,65.034309387207,66.0744705200195,59.8110885620117,66.9973526000977,65.034309387207,66.0776672363281,59.8110885620117,66.0762023925781,59.8110885620117
"KR11","K",40.53649828,-74.66345736,0,0,0,0,"Mike Allen","Mike Allen","Mike Allen","Mike Allen",121,145,163,185,7.31666666666667,8.26666666666667,7.05,8.45,66.0634994506836,59.1720428466797,66.5909881591797,61.8492698669434,66.0723114013672,59.1720428466797,66.5900192260742,61.8492698669434,66.0730590820312,59.1720428466797,66.0634994506836,59.1720428466797
"KR12","K",40.53793968,-74.66345014,0,0,0,0,"Mike Allen","Mike Allen","Mike Allen","Mike Allen",121,145,163,185,7.46666666666667,8.11666666666667,7.2,8.33333333333333,66.4470062255859,59.6524314880371,66.7436447143555,60.5574989318848,66.4472885131836,59.6524314880371,66.74072265625,60.5574989318848,66.4481964111328,59.6524314880371,66.4470062255859,59.6524314880371
"KR13","K",40.53865763,-74.66250188,0,0,0,0,"Mike Allen","Mike Allen","Mike Allen","Mike Allen",121,145,163,185,7.58333333333333,7.96666666666667,7.31666666666667,8.18333333333333,63.5978088378906,48.2218589782715,67.2381286621094,63.6876258850098,63.6005706787109,48.2218589782715,67.2143249511719,63.6588897705078,63.6226196289062,48.2218589782715,63.5978088378906,48.2218589782715
"KR14","K",40.53937557,-74.66155359,0,0,0,0,"Mike Allen","Mike Allen","Mike Allen","Mike Allen",121,145,163,185,7.73333333333333,7.81666666666667,7.43333333333333,8.03333333333333,66.847541809082,63.1920127868652,67.097053527832,65.3445358276367,66.8447418212891,63.1920127868652,66.9906997680664,63.4026336669922,66.9509963989258,64.5827026367188,66.847541809082,63.1920127868652
"KR15","K",40.54009351,-74.66060529,0,0,0,0,"Mike Allen","Mike Allen","Mike Allen","Mike Allen",121,145,163,185,7.86666666666667,7.7,7.56666666666667,7.9,66.4682083129883,64.2734909057617,66.6148376464844,64.4201507568359,66.4780578613281,64.2734909057617,66.4816589355469,64.2734909057617,66.6112289428711,64.4201507568359,66.4682083129883,64.2734909057617
"KR16","K",40.54081143,-74.65965696,0,0,0,0,"Mike Allen","Mike Allen","Mike Allen","Mike Allen",121,145,163,185,8,7.55,7.71666666666667,7.76666666666667,66.5154418945312,61.9632873535156,66.5884017944336,61.9632873535156,66.5326995849609,61.9632873535156,66.5395278930664,61.9632873535156,66.5815734863281,61.9632873535156,66.5154418945312,61.9632873535156
"KR17","K",40.54152935,-74.65870861,0,0,0,0,"Mike Allen","Mike Allen","Mike Allen","Mike Allen",121,145,163,185,8.13333333333333,7.43333333333333,7.83333333333333,7.66666666666667,65.8932952880859,48.2325096130371,66.0053558349609,48.2325096130371,65.987174987793,48.2325096130371,65.9879608154297,48.2325096130371,66.0044708251953,48.2325096130371,65.8933868408203,48.2325096130371
"KR18","K",40.54297076,-74.6587013,0,0,0,0,"Mike Allen","Mike Allen","Mike Allen","Mike Allen",121,145,163,185,8.26666666666667,7.28333333333333,7.98333333333333,7.53333333333333,66.1597900390625,49.1758804321289,66.2618942260742,49.1758804321289,66.2567367553711,49.1758804321289,66.2567825317383,49.1758804321289,66.2571563720703,49.1758804321289,66.1645431518555,49.1758804321289
"KR19","K",40.54225284,-74.65964967,0,0,0,0,"Mike Allen","Mike Allen","Mike Allen","Mike Allen",121,145,163,185,8.41666666666667,7.13333333333333,8.13333333333333,7.38333333333333,66.6966857910156,62.942512512207,66.7284927368164,62.942512512207,66.7226257324219,62.942512512207,66.7228927612305,62.942512512207,66.725471496582,62.942512512207,66.698371887207,62.942512512207
"KR20","K",40.54153492,-74.66059801,0,0,0,0,"Mike Allen","Mike Allen","Mike Allen","Mike Allen",121,145,163,185,8.55,7.01666666666667,8.28333333333333,7.25,67.0313034057617,65.1577682495117,67.0539398193359,65.1577682495117,67.0354766845703,65.1577682495117,67.0374755859375,65.1577682495117,67.0518951416016,65.1577682495117,67.0313491821289,65.1577682495117
"KR21","K",40.54081698,-74.66154634,0,0,0,0,"Mike Allen","Mike Allen","Mike Allen","Mike Allen",121,145,163,185,8.66666666666667,6.86666666666667,8.41666666666667,7.13333333333333,67.6342926025391,66.2054977416992,67.6534118652344,66.2054977416992,67.6339340209961,66.2054977416992,67.6489944458008,66.2054977416992,67.6382141113281,66.2054977416992,67.6342926025391,66.2054977416992
"KR22","K",40.54009904,-74.66249464,0,0,0,0,"Mike Allen","Mike Allen","Mike Allen","Mike Allen",121,145,163,185,8.8,6.73333333333333,8.55,6.98333333333333,67.2458801269531,63.020092010498,67.4080123901367,63.0440330505371,67.2478561401367,63.020092010498,67.3919372558594,63.0440330505371,67.263916015625,63.020092010498,67.2458801269531,63.020092010498
"KR23","K",40.53938109,-74.66344293,0,0,0,0,"Mike Allen","Mike Allen","Mike Allen","Mike Allen",121,145,163,185,8.96666666666667,6.6,8.68333333333333,6.83333333333333,66.601318359375,46.6464920043945,70.7202682495117,60.2104415893555,66.6038055419922,46.6464920043945,70.7098083496094,60.2104415893555,66.6111373901367,46.6464920043945,66.601318359375,46.6464920043945
"KR24","K",40.5408225,-74.66343572,0,0,0,0,"Mike Allen","Mike Allen","Mike Allen","Mike Allen",121,145,163,185,9.1,6.48333333333333,8.81666666666667,6.66666666666667,67.3638381958008,61.6262702941895,67.4008407592773,61.6262702941895,67.363525390625,61.6262702941895,67.3982086181641,61.6262702941895,67.3660125732422,61.6262702941895,67.3638381958008,61.6262702941895
"KR25","K",40.54154045,-74.66248741,0,0,0,0,"Mike Allen","Mike Allen","Mike Allen","Mike Allen",121,145,163,185,9.21666666666667,6.35,8.96666666666667,6.55,67.8080291748047,66.598388671875,67.8162612915039,66.598388671875,67.803825378418,66.5983963012695,67.8157501220703,66.598388671875,67.8041839599609,66.598388671875,67.8080291748047,66.598388671875
"KR26","K",40.54225839,-74.66153908,0,0,0,0,"Mike Allen","Mike Allen","Mike Allen","Mike Allen",121,145,163,185,9.35,6.21666666666667,9.08333333333333,6.4,67.4927062988281,66.0018005371094,67.5017623901367,66.0018005371094,67.5016403198242,66.0018692016602,67.5014724731445,66.0018005371094,67.5014572143555,66.0018005371094,67.4928665161133,66.0018005371094
"KR27","K",40.54297632,-74.66059074,0,0,0,0,"Mike Allen","Mike Allen","Mike Allen","Mike Allen",121,145,163,185,9.46666666666667,6.06666666666667,9.23333333333333,6.26666666666667,66.8633193969727,64.4809265136719,66.8876647949219,64.4809265136719,66.8849639892578,64.4809265136719,66.8849487304688,64.4809265136719,66.8849945068359,64.4809265136719,66.8660049438477,64.4809265136719
"KR28","K",40.54369425,-74.65964237,0,0,0,0,"Mike Allen","Mike Allen","Mike Allen","Mike Allen",121,145,163,185,9.6,5.91666666666667,9.38333333333333,6.11666666666667,66.2095565795898,61.4457168579102,66.2537231445312,61.4457168579102,66.2346115112305,61.4457168579102,66.2346115112305,61.4457168579102,66.2346115112305,61.4457168579102,66.2239379882812,61.4457168579102
"KR29","K",40.54441216,-74.65869398,0,0,0,0,"Mike Allen","Mike Allen","Mike Allen","Mike Allen",121,145,163,185,9.73333333333333,5.75,9.55,5.95,63.8092346191406,48.8799819946289,63.9110488891602,48.8799819946289,63.8871574401855,48.8799819946289,63.8871803283691,48.8799819946289,63.8874244689941,48.8799819946289,63.8331680297852,48.8799819946289
"KR30","K",40.54585357,-74.65868667,0,0,0,0,"Mike Allen","Mike Allen","Mike Allen","Mike Allen",121,145,163,185,9.86666666666667,5.63333333333333,9.68333333333333,5.8,63.2909736633301,51.4881439208984,63.4235343933105,51.4881439208984,63.3507690429688,51.4881439208984,63.3507766723633,51.4881439208984,63.3510894775391,51.4881439208984,63.3644180297852,51.4881439208984
"KR31","K",40.54513565,-74.65963507,0,0,0,0,"Mike Allen","Mike Allen","Mike Allen","Mike Allen",122,144,165,184,5.71666666666667,9.43333333333333,5.78333333333333,9.55,65.7060241699219,60.6759872436523,66.0022888183594,62.0147018432617,65.723762512207,60.6759872436523,65.723762512207,60.6759872436523,65.7237777709961,60.6759872436523,65.9756393432617,62.0147018432617
"KR32","K",40.54441773,-74.66058346,0,0,0,0,"Mike Allen","Mike Allen","Mike Allen","Mike Allen",122,144,165,184,5.85,9.3,5.91666666666667,9.43333333333333,66.6742782592773,64.5359725952148,66.7196426391602,64.5360107421875,66.693962097168,64.5359725952148,66.693962097168,64.5359725952148,66.6942443847656,64.5359725952148,66.6994400024414,64.5360107421875
"KR33","K",40.5436998,-74.66153183,0,0,0,0,"Mike Allen","Mike Allen","Mike Allen","Mike Allen",122,144,165,184,6,9.16666666666667,6.06666666666667,9.31666666666667,67.3383178710938,64.1184844970703,67.3521728515625,64.1184844970703,67.3503952026367,64.1184844970703,67.3501815795898,64.1184844970703,67.3503189086914,64.1184844970703,67.3400421142578,64.1184844970703
"KR34","K",40.54298186,-74.66248018,0,0,0,0,"Mike Allen","Mike Allen","Mike Allen","Mike Allen",122,144,165,184,6.15,8.98333333333333,6.23333333333333,9.18333333333333,67.5287933349609,64.6028594970703,67.512825012207,64.6028594970703,67.5127716064453,64.6028594970703,67.5126724243164,64.6028594970703,67.5126342773438,64.6028594970703,67.5289535522461,64.6028594970703
"KR35","K",40.54226391,-74.6634285,0,0,0,0,"Mike Allen","Mike Allen","Mike Allen","Mike Allen",122,144,165,184,6.26666666666667,8.85,6.35,9.06666666666667,67.7634048461914,66.3627853393555,67.7678604125977,66.3627853393555,67.7671203613281,66.3628082275391,67.7678527832031,66.3627853393555,67.7665786743164,66.3627853393555,67.7634048461914,66.3627853393555
"KR36","K",40.54154595,-74.66437681,0,1,0,0,"Mike Allen","Mike Allen","Mike Allen","Mike Allen",122,144,165,184,6.41666666666667,8.7,6.46666666666667,8.95,67.7440338134766,65.9592590332031,67.7413330078125,65.9592590332031,67.7378845214844,65.9592590332031,67.7410583496094,65.9592590332031,67.7371063232422,65.9592590332031,67.7440338134766,65.9592590332031
"KR37","K",40.54082799,-74.6653251,0,0,0,0,"Mike Allen","Mike Allen","Mike Allen","Mike Allen",122,144,165,184,6.56666666666667,8.58333333333333,6.6,8.78333333333333,66.9981155395508,60.8965759277344,67.0143890380859,60.8965759277344,67.0107345581055,60.8965759277344,67.0137634277344,60.8965759277344,67.011116027832,60.8965759277344,66.9981155395508,60.8965759277344
"KR38","K",40.54083345,-74.66721447,0,0,0,0,"Mike Allen","Mike Allen","Mike Allen","Mike Allen",122,144,165,184,6.71666666666667,8.43333333333333,6.76666666666667,8.63333333333333,67.1974639892578,62.9093704223633,67.2031860351562,62.9093704223633,67.2038421630859,62.9093704223633,67.2031784057617,62.9093704223633,67.2031631469727,62.9093704223633,67.1974639892578,62.9093704223633
"KR39","K",40.54083887,-74.66910385,0,0,0,0,"Mike Allen","Mike Allen","Mike Allen","Mike Allen",122,144,165,184,6.9,8.3,6.9,8.48333333333333,70.149040222168,55.3827362060547,70.1664810180664,55.3827362060547,70.1669921875,55.3827362060547,70.1664810180664,55.3827362060547,70.1664810180664,55.3827362060547,70.149040222168,55.3827362060547
"KR40","K",40.54155687,-74.66815561,0,0,0,0,"Mike Allen","Mike Allen","Mike Allen","Mike Allen",122,144,165,184,7.03333333333333,8.18333333333333,7,8.3,69.1007919311523,60.1556663513184,69.0912094116211,60.1556663513184,69.0919876098633,60.1556663513184,69.091178894043,60.1556663513184,69.0912094116211,60.1556663513184,69.1007919311523,60.1556663513184
"KR41","K",40.54155143,-74.66626621,0,0,1,1,"Mike Allen","Mike Allen","Mike Allen","Mike Allen",122,144,165,184,7.18333333333333,8.06666666666667,7.13333333333333,8.16666666666667,67.6647415161133,63.9342613220215,67.6634368896484,63.9342613220215,67.6643295288086,63.9342613220215,67.6634216308594,63.9342613220215,67.6634140014648,63.9342613220215,67.6647415161133,63.9342613220215
"KR42","K",40.5422694,-74.66531792,0,0,1,1,"Mike Allen","Mike Allen","Mike Allen","Mike Allen",122,144,165,184,7.33333333333333,7.93333333333333,7.58333333333333,8.01666666666667,67.8240280151367,63.7526397705078,67.8269577026367,63.7526397705078,67.8270645141602,63.7526397705078,67.8269577026367,63.7526397705078,67.8267288208008,63.7526397705078,67.8240280151367,63.7526397705078
"KR43","K",40.54227486,-74.66720734,0,1,0,0,"Mike Allen","Mike Allen","Mike Allen","Mike Allen",122,144,165,184,7.5,7.78333333333333,7.25,7.9,67.2888946533203,57.8548851013184,67.300666809082,57.8548851013184,67.3011245727539,57.8548851013184,67.300666809082,57.8548851013184,67.300666809082,57.8548851013184,67.2888946533203,57.8548851013184
"KR44","K",40.54299828,-74.66814849,0,0,0,0,"Mike Allen","Mike Allen","Mike Allen","Mike Allen",122,144,165,184,7.63333333333333,7.66666666666667,7.4,7.76666666666667,67.0217132568359,62.2281455993652,67.0357437133789,62.2281455993652,67.0357513427734,62.2281455993652,67.0357437133789,62.2281455993652,67.0357437133789,62.2281455993652,67.0217132568359,62.2281455993652
"KR45","K",40.54299284,-74.66625905,0,1,0,0,"Mike Allen","Mike Allen","Mike Allen","Mike Allen",122,144,165,184,7.76666666666667,7.5,7.71666666666667,7.6,66.9439163208008,55.5457992553711,66.954216003418,55.5457992553711,66.954475402832,55.5457992553711,66.954216003418,55.5457992553711,66.954216003418,55.5457992553711,66.9439163208008,55.5457992553711
"KR46","K",40.54298736,-74.66436961,1,0,0,0,"Mike Allen","Mike Allen","Mike Allen","Mike Allen",122,144,165,184,7.91666666666667,7.35,7.85,7.46666666666667,66.9602813720703,63.4789009094238,66.9334945678711,63.4789009094238,66.9341278076172,63.4789009094238,66.933479309082,63.4789009094238,66.933479309082,63.4789009094238,66.9602890014648,63.4789009094238
"KR47","K",40.54370532,-74.66342129,0,0,0,0,"Mike Allen","Mike Allen","Mike Allen","Mike Allen",122,144,165,184,8.08333333333333,7.2,7.98333333333333,7.33333333333333,64.8829956054688,54.6233329772949,64.8275680541992,54.6233329772949,64.8275146484375,54.6233329772949,64.827507019043,54.6233329772949,64.827507019043,54.6233329772949,64.883056640625,54.6233329772949
"KR48","K",40.54442327,-74.66247294,0,0,0,0,"Mike Allen","Mike Allen","Mike Allen","Mike Allen",122,144,165,184,8.23333333333333,7.06666666666667,8.1,7.2,67.7021713256836,54.1137962341309,67.69189453125,54.1137962341309,67.6913681030273,54.1137962341309,67.6911315917969,54.1137962341309,67.6910934448242,54.1137962341309,67.7029342651367,54.1137962341309
"KR49","K",40.54514121,-74.66152457,0,0,0,0,"Mike Allen","Mike Allen","Mike Allen","Mike Allen",122,144,165,184,8.38333333333333,6.93333333333333,8.28333333333333,7.06666666666667,66.7364959716797,62.3679313659668,66.7627029418945,62.3679313659668,66.7545471191406,62.3679313659668,66.7539215087891,62.3679313659668,66.7540512084961,62.3679313659668,66.7452697753906,62.3679313659668
"KR50","K",40.54585914,-74.66057618,0,0,0,0,"Mike Allen","Mike Allen","Mike Allen","Mike Allen",122,144,165,184,8.53333333333333,6.8,8.45,6.93333333333333,63.3947639465332,51.7584838867188,66.3014678955078,63.9562606811523,63.4246292114258,51.7584838867188,63.4245300292969,51.7584838867188,63.424633026123,51.7584838867188,66.2774658203125,63.9562606811523
"KR51","K",40.54657706,-74.65962778,0,0,0,0,"Mike Allen","Mike Allen","Mike Allen","Mike Allen",122,144,165,184,8.66666666666667,6.65,8.56666666666667,6.78333333333333,64.9071197509766,58.4511032104492,66.0365371704102,62.1914672851562,64.9396743774414,58.4511032104492,64.9396743774414,58.4511032104492,64.9402313232422,58.4511032104492,66.0185546875,62.1914672851562
"KR52","K",40.54729498,-74.65867935,1,0,1,0,"Mike Allen","Mike Allen","Mike Allen","Mike Allen",122,144,165,184,8.8,6.55,8.7,6.66666666666667,63.8968849182129,54.4270133972168,64.013786315918,54.4270133972168,63.9418525695801,54.4270133972168,63.9418525695801,54.4270133972168,63.9418678283691,54.4270133972168,63.969799041748,54.4270133972168
"KR53","K",40.54873638,-74.65867203,0,1,1,0,"Mike Allen","Mike Allen","Mike Allen","Mike Allen",122,144,165,184,8.93333333333333,6.41666666666667,8.81666666666667,6.55,63.9585876464844,55.4768905639648,64.0409317016602,55.4768905639648,63.9874801635742,55.4768905639648,63.9874801635742,55.4768905639648,63.9874801635742,55.4768905639648,64.0127868652344,55.4768905639648
"KR54","K",40.55017779,-74.65866471,0,0,0,0,"Mike Allen","Mike Allen","Mike Allen","Mike Allen",122,144,165,184,9.06666666666667,6.28333333333333,8.96666666666667,6.4,63.2352027893066,50.5871429443359,63.1441421508789,50.5871429443359,63.1345481872559,50.5871429443359,63.1345481872559,50.5871429443359,63.1345481872559,50.5871429443359,63.244930267334,50.5871429443359
"KR55","K",40.54945987,-74.65961318,0,0,0,0,"Mike Allen","Mike Allen","Mike Allen","Mike Allen",122,144,165,184,9.2,6.16666666666667,9.06666666666667,6.28333333333333,65.5739974975586,57.364444732666,65.6191329956055,57.364444732666,65.5748138427734,57.364444732666,65.5748138427734,57.364444732666,65.5748138427734,57.364444732666,65.6189270019531,57.364444732666
"KR56","K",40.54801847,-74.65962048,1,0,0,0,"Mike Allen","Mike Allen","Mike Allen","Mike Allen",122,144,165,184,9.33333333333333,6.03333333333333,9.2,6.15,65.8223266601562,62.4130363464355,66.122200012207,62.8396682739258,65.8278121948242,62.4130363464355,65.8278121948242,62.4130363464355,65.8279113769531,62.4130363464355,66.1206970214844,62.8396682739258
"KR57","K",40.54730054,-74.66056891,0,0,0,0,"Mike Allen","Mike Allen","Mike Allen","Mike Allen",122,144,165,184,9.5,5.9,9.35,6.01666666666667,53.5665512084961,36.2243499755859,64.8696517944336,61.8807525634766,53.5782279968262,36.2243499755859,53.5782241821289,36.2243499755859,53.578239440918,36.2243499755859,64.8483428955078,61.8807525634766
"KR58","K",40.54658261,-74.66151732,0,0,0,0,"Mike Allen","Mike Allen","Mike Allen","Mike Allen",122,144,165,184,9.63333333333333,5.75,9.46666666666667,5.83333333333333,65.9170455932617,59.9263076782227,66.0232162475586,59.9263076782227,65.9351425170898,59.9263076782227,65.9351272583008,59.9263076782227,65.9351272583008,59.9263076782227,66.0058364868164,59.9263076782227
"KR59","K",40.54802402,-74.66151006,0,0,0,0,"Mike Allen","Mike Allen","Mike Allen","Mike Allen",122,144,165,184,9.76666666666667,5.61666666666667,9.6,5.68333333333333,54.2208518981934,37.3287467956543,65.0254440307617,54.3334999084473,54.2255973815918,37.3287467956543,54.2256278991699,37.3287467956543,54.225643157959,37.3287467956543,65.0057220458984,54.3334999084473
"KY01","K",40.53648999,-74.66062347,0,0,0,0,"Charles Barreca","Charles Barreca","Charles Barreca","Mike Allen",131,156,171,193,5.7,7.7,5.5,9.8,67.5916519165039,57.5826225280762,67.6167297363281,57.5826225280762,67.6121597290039,57.5826225280762,67.6130981445312,57.5826225280762,67.6155548095703,57.5826225280762,67.5916519165039,57.5826225280762
"KY02","K",40.53720791,-74.6596752,0,0,1,0,"Charles Barreca","Charles Barreca","Charles Barreca","Mike Allen",131,156,171,193,5.83333333333333,9.91666666666667,5.65,9.66666666666667,65.9846649169922,57.1079330444336,66.093635559082,57.1079330444336,66.0033416748047,57.1079330444336,66.0031661987305,57.1079330444336,66.0934143066406,57.1079330444336,65.9846649169922,57.1079330444336
"KY03","K",40.53936724,-74.65871959,0,0,0,0,"Charles Barreca","Charles Barreca","Charles Barreca","Mike Allen",131,156,171,193,6,9.73333333333333,5.83333333333333,9.48333333333333,62.6465606689453,44.6325988769531,63.0604019165039,44.6325988769531,62.7483291625977,44.6325988769531,62.7569808959961,44.6325988769531,63.0492477416992,44.6325988769531,62.6465606689453,44.6325988769531
"KY04","K",40.53864932,-74.6596679,0,0,1,0,"Charles Barreca","Charles Barreca","Charles Barreca","Mike Allen",131,156,171,193,6.13333333333333,9.61666666666667,5.98333333333333,9.35,57.411808013916,36.3832588195801,65.4812240600586,61.0472106933594,57.4299087524414,36.3832588195801,57.4314956665039,36.3832588195801,65.4752044677734,61.0472106933594,57.411808013916,36.3832588195801
"KY05","K",40.5379314,-74.6606162,0,0,1,1,"Charles Barreca","Charles Barreca","Charles Barreca","Mike Allen",131,156,171,193,6.25,9.5,6.11666666666667,9.21666666666667,66.9053802490234,63.8657379150391,67.2369918823242,65.5613784790039,66.9076843261719,63.8657379150391,66.9150085449219,63.8657379150391,67.229606628418,65.5613784790039,66.9053955078125,63.8657379150391
"KY06","K",40.53721346,-74.66156447,1,1,1,1,"Charles Barreca","Charles Barreca","Charles Barreca","Mike Allen",131,156,171,193,6.4,9.33333333333333,6.28333333333333,9.06666666666667,67.0129318237305,65.3318710327148,67.0372543334961,65.3483123779297,67.0087051391602,65.3318710327148,67.0313873291016,65.3323135375977,67.014518737793,65.3478317260742,67.0129318237305,65.3318710327148
"KY07","K",40.53649552,-74.66251273,0,0,1,0,"Charles Barreca","Charles Barreca","Charles Barreca","Mike Allen",131,156,171,193,6.55,9.11666666666667,6.43333333333333,8.93333333333333,65.8550567626953,60.8183822631836,65.9997329711914,61.4687385559082,65.8661422729492,60.8183822631836,65.9975128173828,61.4687385559082,65.8681640625,60.8183822631836,65.8550567626953,60.8183822631836
"KY08","K",40.53721898,-74.66345375,0,0,0,0,"Charles Barreca","Charles Barreca","Charles Barreca","Mike Allen",131,156,171,193,6.68333333333333,8.98333333333333,6.58333333333333,8.8,66.0798034667969,59.3610877990723,66.8552169799805,62.781551361084,66.0893859863281,59.3610877990723,66.8535614013672,62.781551361084,66.0909881591797,59.3610877990723,66.0798034667969,59.3610877990723
"KY09","K",40.53793693,-74.66250549,0,0,0,0,"Charles Barreca","Charles Barreca","Charles Barreca","Mike Allen",131,156,171,193,6.83333333333333,8.83333333333333,6.7,8.68333333333333,65.7473602294922,56.4964065551758,67.5164489746094,65.2648620605469,65.7277221679688,56.4964065551758,67.5073776245117,65.249267578125,65.7362670898438,56.4964065551758,65.7473602294922,56.4964065551758
"KY10","K",40.53865487,-74.66155722,0,1,1,1,"Charles Barreca","Charles Barreca","Charles Barreca","Mike Allen",131,156,171,193,7,8.7,6.88333333333333,8.55,66.5152816772461,61.566089630127,66.999382019043,64.9130020141602,66.5324020385742,61.566089630127,66.8521499633789,62.3125839233398,66.6774597167969,63.0166091918945,66.5152816772461,61.566089630127
"KY11","K",40.5393728,-74.66060892,0,0,0,0,"Charles Barreca","Charles Barreca","Charles Barreca","Mike Allen",131,156,171,193,7.11666666666667,8.55,7.03333333333333,8.4,65.4855194091797,57.1077651977539,66.5976333618164,64.3739624023438,65.5030822753906,57.1077651977539,65.5246887207031,57.1077651977539,66.5759963989258,64.3739624023438,65.4855194091797,57.1077651977539
"KY12","K",40.54009073,-74.65966061,0,0,0,0,"Charles Barreca","Charles Barreca","Charles Barreca","Mike Allen",131,156,171,193,7.26666666666667,8.41666666666667,7.16666666666667,8.28333333333333,66.2791442871094,61.4744987487793,66.4616012573242,61.4744987487793,66.3014602661133,61.4744987487793,66.3131561279297,61.4744987487793,66.4498443603516,61.4744987487793,66.2791442871094,61.4744987487793
"KY13","K",40.54080865,-74.65871227,0,0,0,0,"Charles Barreca","Charles Barreca","Charles Barreca","Mike Allen",131,156,171,193,7.41666666666667,8.28333333333333,7.33333333333333,8.13333333333333,66.3703536987305,50.9922409057617,66.4806060791016,50.9922409057617,66.4548110961914,50.9922409057617,66.4550704956055,50.9922409057617,66.4802703857422,50.9922409057617,66.3703994750977,50.9922409057617
"KY14","K",40.54225005,-74.65870496,0,0,0,0,"Charles Barreca","Charles Barreca","Charles Barreca","Mike Allen",131,156,171,193,7.61666666666667,8.13333333333333,7.43333333333333,8,67.7121734619141,53.5951156616211,67.795539855957,53.5951156616211,67.7886734008789,53.5951156616211,67.7888336181641,53.5951156616211,67.7943878173828,53.5951156616211,67.7131729125977,53.5951156616211
"KY15","K",40.54153214,-74.65965331,0,0,0,0,"Charles Barreca","Charles Barreca","Charles Barreca","Mike Allen",131,156,171,193,7.73333333333333,7.86666666666667,7.55,7.86666666666667,66.6725616455078,62.1352844238281,66.7145309448242,62.1352844238281,66.6909942626953,62.1352844238281,66.6947860717773,62.1352844238281,66.7105865478516,62.1352844238281,66.6726913452148,62.1352844238281
"KY16","K",40.54081421,-74.66060165,0,0,0,0,"Charles Barreca","Charles Barreca","Charles Barreca","Mike Allen",131,156,171,193,7.86666666666667,7.76666666666667,7.68333333333333,7.75,66.654296875,64.7031784057617,66.7042541503906,64.7031784057617,66.6623153686523,64.7031784057617,66.663330078125,64.7031784057617,66.7032318115234,64.7031784057617,66.654296875,64.7031784057617
"KY17","K",40.54009628,-74.66154997,0,0,0,0,"Charles Barreca","Charles Barreca","Charles Barreca","Mike Allen",131,156,171,193,8.01666666666667,7.61666666666667,7.83333333333333,7.61666666666667,67.4617309570312,65.7750701904297,67.5379638671875,65.855598449707,67.4618225097656,65.7750701904297,67.5075988769531,65.7833023071289,67.4921875,65.8436660766602,67.4617309570312,65.7750701904297
"KY18","K",40.53937834,-74.66249826,0,0,0,0,"Charles Barreca","Charles Barreca","Charles Barreca","Mike Allen",131,156,171,193,8.15,7.48333333333333,7.98333333333333,7.46666666666667,64.9408187866211,54.4718894958496,67.2246856689453,63.4500732421875,64.9634780883789,54.4718894958496,67.1991271972656,63.4431648254395,64.9870147705078,54.4718894958496,64.9408187866211,54.4718894958496
"KY19","K",40.53866039,-74.66344654,0,0,0,0,"Charles Barreca","Charles Barreca","Charles Barreca","Mike Allen",131,156,171,193,8.26666666666667,7.31666666666667,8.11666666666667,7.35,68.1555557250977,57.0721244812012,68.9321899414062,57.5867156982422,68.1249847412109,57.0721244812012,68.9265365600586,57.5867156982422,68.1282806396484,57.0721244812012,68.1555557250977,57.0721244812012
"KY20","K",40.5401018,-74.66343932,0,0,0,0,"Charles Barreca","Charles Barreca","Charles Barreca","Mike Allen",131,156,171,193,8.41666666666667,7.13333333333333,8.26666666666667,7.21666666666667,65.9527969360352,50.2971382141113,66.1427688598633,50.2971382141113,65.9747772216797,50.2971382141113,66.1365356445312,50.2971382141113,65.9809112548828,50.2971382141113,65.9527969360352,50.2971382141113
"KY21","K",40.54081975,-74.66249103,0,0,0,0,"Charles Barreca","Charles Barreca","Charles Barreca","Mike Allen",131,156,171,193,8.55,6.98333333333333,8.4,7.06666666666667,67.59130859375,64.8275909423828,67.6319580078125,64.8275909423828,67.5893478393555,64.8275909423828,67.6271514892578,64.8275909423828,67.5939788818359,64.8275909423828,67.59130859375,64.8275909423828
"KY22","K",40.54153769,-74.66154271,0,0,0,0,"Charles Barreca","Charles Barreca","Charles Barreca","Mike Allen",131,156,171,193,8.68333333333333,6.86666666666667,8.53333333333333,6.93333333333333,67.8006744384766,66.4979400634766,67.8097381591797,66.4979400634766,67.8026504516602,66.4981231689453,67.8082504272461,66.4979400634766,67.8040771484375,66.4979400634766,67.8006896972656,66.4979400634766
"KY23","K",40.54225562,-74.66059437,0,0,0,0,"Charles Barreca","Charles Barreca","Charles Barreca","Mike Allen",131,156,171,193,8.8,6.66666666666667,8.7,6.8,67.2261505126953,65.2026062011719,67.2480697631836,65.2026062011719,67.2460632324219,65.2026062011719,67.2460861206055,65.2026062011719,67.2471542358398,65.2026062011719,67.2270278930664,65.2026062011719
"KY24","K",40.54297354,-74.65964602,0,0,0,0,"Charles Barreca","Charles Barreca","Charles Barreca","Mike Allen",131,156,171,193,8.91666666666667,6.53333333333333,8.81666666666667,6.68333333333333,66.4832077026367,61.7050666809082,66.5170211791992,61.7050666809082,66.509651184082,61.7050666809082,66.5096588134766,61.7050666809082,66.5098342895508,61.7050666809082,66.488037109375,61.7050666809082
"KY25","K",40.54369146,-74.65869764,0,0,0,0,"Charles Barreca","Charles Barreca","Charles Barreca","Mike Allen",131,156,171,193,9.06666666666667,6.41666666666667,8.96666666666667,6.56666666666667,65.5476379394531,51.209587097168,65.6474609375,51.209587097168,65.6367797851562,51.209587097168,65.6367797851562,51.209587097168,65.6368560791016,51.209587097168,65.5583877563477,51.209587097168
"KY26","K",40.54513287,-74.65869032,0,0,0,0,"Charles Barreca","Charles Barreca","Charles Barreca","Mike Allen",131,156,171,193,9.21666666666667,6.3,9.1,6.38333333333333,63.4531059265137,51.8793296813965,63.5674705505371,51.8793296813965,63.5160636901855,51.8793296813965,63.5160636901855,51.8793296813965,63.516471862793,51.8793296813965,63.504810333252,51.8793296813965
"KY27","K",40.54441495,-74.65963872,0,0,0,0,"Charles Barreca","Charles Barreca","Charles Barreca","Mike Allen",131,156,171,193,9.35,6.16666666666667,9.2,6.23333333333333,65.9815368652344,61.7063293457031,66.0546798706055,61.7063293457031,66.0036773681641,61.7063293457031,66.0036773681641,61.7063293457031,66.0037612915039,61.7063293457031,66.0259475708008,61.7063293457031
"KY28","K",40.54369703,-74.6605871,0,0,0,0,"Charles Barreca","Charles Barreca","Charles Barreca","Mike Allen",131,156,171,193,9.5,6.03333333333333,9.35,6.06666666666667,66.711540222168,64.2972106933594,66.7416458129883,64.2972106933594,66.7336578369141,64.2972106933594,66.7335815429688,64.2972106933594,66.7337112426758,64.2972106933594,66.7194137573242,64.2972106933594
"KY29","K",40.54297909,-74.66153546,0,0,0,0,"Charles Barreca","Charles Barreca","Charles Barreca","Mike Allen",131,156,171,193,9.61666666666667,5.91666666666667,9.48333333333333,5.93333333333333,67.5223159790039,65.6021575927734,67.5318069458008,65.6021575927734,67.5309600830078,65.6021575927734,67.5309219360352,65.6021575927734,67.531120300293,65.6021575927734,67.5229110717773,65.6021575927734
"KY30","K",40.54226115,-74.66248379,0,0,0,0,"Charles Barreca","Charles Barreca","Charles Barreca","Mike Allen",131,156,171,193,9.75,5.76666666666667,9.61666666666667,5.78333333333333,67.7528457641602,66.432373046875,67.7495269775391,66.432373046875,67.748291015625,66.4327087402344,67.7494888305664,66.432373046875,67.7474365234375,66.432373046875,67.7528610229492,66.432373046875
"KY31","K",40.54154321,-74.66343211,0,0,1,0,"Charles Barreca","Charles Barreca","Charles Barreca","Charles Barreca",135,155,176,194,5.73333333333333,7.7,5.65,9.83333333333333,67.6785659790039,66.1282958984375,67.6855087280273,66.1282958984375,67.6753997802734,66.1282958984375,67.6851272583008,66.1282958984375,67.6753158569336,66.1282958984375,67.6785659790039,66.1282958984375
"KY32","K",40.54082525,-74.66438041,0,0,0,0,"Charles Barreca","Charles Barreca","Charles Barreca","Charles Barreca",135,155,176,194,5.91666666666667,9.91666666666667,5.83333333333333,9.68333333333333,67.3030014038086,62.6741371154785,67.3109436035156,62.6741371154785,67.3008804321289,62.6741371154785,67.3096389770508,62.6741371154785,67.301887512207,62.6741371154785,67.3030014038086,62.6741371154785
"KY33","K",40.54083072,-74.66626978,0,0,0,1,"Charles Barreca","Charles Barreca","Charles Barreca","Charles Barreca",135,155,176,192,6.05,9.76666666666667,6,9.91666666666667,67.4331665039062,63.0375938415527,67.4346542358398,63.0375938415527,67.4352493286133,63.0375938415527,67.4344711303711,63.0375938415527,67.4346084594727,63.0375938415527,67.4331665039062,63.0375938415527
"KY34","K",40.54083616,-74.66815916,0,0,0,0,"Charles Barreca","Charles Barreca","Charles Barreca","Charles Barreca",135,155,176,192,6.21666666666667,9.61666666666667,6.16666666666667,9.76666666666667,66.9001846313477,59.9403114318848,66.8970260620117,59.9403114318848,66.8974456787109,59.9403114318848,66.8970260620117,59.9403114318848,66.8970108032227,59.9403114318848,66.9001846313477,59.9403114318848
"KY35","K",40.54155958,-74.66910031,0,0,0,0,"Charles Barreca","Charles Barreca","Charles Barreca","Charles Barreca",135,155,176,192,6.36666666666667,9.45,6.3,9.65,69.7293548583984,56.3890151977539,69.6474304199219,56.3890151977539,69.6475219726562,56.3890151977539,69.6474304199219,56.3890151977539,69.6474304199219,56.3890151977539,69.7293548583984,56.3890151977539
"KY36","K",40.54155415,-74.66721091,0,0,0,1,"Charles Barreca","Charles Barreca","Charles Barreca","Charles Barreca",135,155,176,192,6.5,9.3,6.45,9.48333333333333,67.6261596679688,63.3885345458984,67.6326217651367,63.3885345458984,67.6333618164062,63.3885345458984,67.6325759887695,63.3885345458984,67.6326217651367,63.3885345458984,67.6261596679688,63.3885345458984
"KY37","K",40.54154869,-74.66532151,1,1,0,0,"Charles Barreca","Charles Barreca","Charles Barreca","Charles Barreca",135,155,176,192,6.66666666666667,9.13333333333333,6.6,9.33333333333333,67.684928894043,65.0184555053711,67.6855087280273,65.0184555053711,67.6841659545898,65.0184555053711,67.6853637695312,65.0184555053711,67.6835403442383,65.0184555053711,67.684928894043,65.0184555053711
"KY38","K",40.54226666,-74.66437321,0,0,0,0,"Charles Barreca","Charles Barreca","Charles Barreca","Charles Barreca",135,155,176,192,6.8,8.98333333333333,6.73333333333333,9.2,67.8135681152344,66.0957794189453,67.8079528808594,66.0957794189453,67.808479309082,66.0957794189453,67.8079452514648,66.0957794189453,67.8077621459961,66.0957794189453,67.8135681152344,66.0957794189453
"KY39","K",40.54227213,-74.66626263,0,0,0,0,"Charles Barreca","Charles Barreca","Charles Barreca","Charles Barreca",135,155,176,192,6.96666666666667,8.85,6.86666666666667,9.06666666666667,66.7625427246094,52.0295715332031,66.7476654052734,52.0295715332031,66.747932434082,52.0295715332031,66.7476654052734,52.0295715332031,66.7476425170898,52.0295715332031,66.7625427246094,52.0295715332031
"KY40","K",40.54227757,-74.66815205,0,0,0,0,"Charles Barreca","Charles Barreca","Charles Barreca","Charles Barreca",135,155,176,192,7.11666666666667,8.7,7.03333333333333,8.93333333333333,68.5204391479492,57.8762092590332,68.5507583618164,57.8762092590332,68.5510330200195,57.8762092590332,68.5507583618164,57.8762092590332,68.5507583618164,57.8762092590332,68.5204391479492,57.8762092590332
"KY41","K",40.54300099,-74.66909321,0,0,0,0,"Charles Barreca","Charles Barreca","Charles Barreca","Charles Barreca",135,155,176,192,7.31666666666667,8.58333333333333,7.15,8.8,70.9055709838867,62.3454666137695,70.9055099487305,62.3454666137695,70.9055099487305,62.3454666137695,70.9055099487305,62.3454666137695,70.9055099487305,62.3454666137695,70.9055709838867,62.3454666137695
"KY42","K",40.54299556,-74.66720377,0,1,0,0,"Charles Barreca","Charles Barreca","Charles Barreca","Charles Barreca",135,155,176,192,7.46666666666667,8.41666666666667,7.33333333333333,8.63333333333333,66.6554183959961,58.4754676818848,66.6710891723633,58.4754676818848,66.6711502075195,58.4754676818848,66.6710891723633,58.4754676818848,66.6710891723633,58.4754676818848,66.6554183959961,58.4754676818848
"KY43","K",40.5429901,-74.66531433,0,0,0,0,"Charles Barreca","Charles Barreca","Charles Barreca","Charles Barreca",135,155,176,192,7.6,8.26666666666667,7.48333333333333,8.48333333333333,67.2163238525391,62.2427711486816,67.2075500488281,62.2427711486816,67.2082290649414,62.2427711486816,67.2075500488281,62.2427711486816,67.2075500488281,62.2427711486816,67.2163238525391,62.2427711486816
"KY44","K",40.54370807,-74.66436602,0,0,0,0,"Charles Barreca","Charles Barreca","Charles Barreca","Charles Barreca",135,155,176,192,7.73333333333333,8.11666666666667,7.65,8.33333333333333,61.1420631408691,46.1087989807129,61.0203895568848,46.1087989807129,61.020378112793,46.1087989807129,61.0203895568848,46.1087989807129,61.0203742980957,46.1087989807129,61.1420631408691,46.1087989807129
"KY45","K",40.54298461,-74.6634249,0,0,0,0,"Charles Barreca","Charles Barreca","Charles Barreca","Charles Barreca",135,155,176,192,7.88333333333333,7.93333333333333,7.76666666666667,8.2,66.9763412475586,64.0658798217773,66.9740600585938,64.0658798217773,66.9742813110352,64.0658798217773,66.974006652832,64.0658798217773,66.974006652832,64.0658798217773,66.9763946533203,64.0658798217773
"KY46","K",40.54370256,-74.66247656,0,0,0,0,"Charles Barreca","Charles Barreca","Charles Barreca","Charles Barreca",135,155,176,192,8.03333333333333,7.8,7.96666666666667,8.06666666666667,68.5652389526367,58.3105049133301,68.5258331298828,58.3105049133301,68.5255126953125,58.3105049133301,68.5251998901367,58.3105049133301,68.5251846313477,58.3105049133301,68.5658798217773,58.3105049133301
"KY47","K",40.5444205,-74.6615282,0,0,0,0,"Charles Barreca","Charles Barreca","Charles Barreca","Charles Barreca",135,155,176,192,8.16666666666667,7.66666666666667,8.11666666666667,7.85,67.0553970336914,63.5146446228027,67.0751724243164,63.5146446228027,67.070198059082,63.5146446228027,67.0701446533203,63.5146446228027,67.0704650878906,63.5146446228027,67.0600509643555,63.5146446228027
"KY48","K",40.54513843,-74.66057982,0,0,0,0,"Charles Barreca","Charles Barreca","Charles Barreca","Charles Barreca",135,155,176,192,8.28333333333333,7.53333333333333,8.26666666666667,7.66666666666667,66.3531799316406,62.4505653381348,66.5572128295898,64.4819717407227,66.3729095458984,62.4505653381348,66.3728332519531,62.4505653381348,66.3730087280273,62.4505653381348,66.5348892211914,64.4819717407227
"KY49","K",40.54585636,-74.65963143,0,0,0,0,"Charles Barreca","Charles Barreca","Charles Barreca","Charles Barreca",135,155,176,192,8.43333333333333,7.38333333333333,8.45,7.51666666666667,64.2387313842773,54.1136207580566,65.9253082275391,61.682430267334,64.2716827392578,54.1136207580566,64.2716903686523,54.1136207580566,64.2717514038086,54.1136207580566,65.9019165039062,61.682430267334
"KY50","K",40.54657427,-74.65868301,0,1,0,0,"Charles Barreca","Charles Barreca","Charles Barreca","Charles Barreca",135,155,176,192,8.63333333333333,7.25,8.6,7.38333333333333,63.5877265930176,52.7870025634766,63.7259254455566,52.7870025634766,63.6406517028809,52.7870025634766,63.6406555175781,52.7870025634766,63.6408309936523,52.7870025634766,63.6740036010742,52.7870025634766
"KY51","K",40.54801568,-74.65867569,1,0,0,0,"Charles Barreca","Charles Barreca","Charles Barreca","Charles Barreca",135,155,177,192,8.76666666666667,7.08333333333333,9.18333333333333,7.2,64.2848892211914,57.001049041748,64.3782577514648,57.001049041748,64.3193359375,57.001049041748,64.3193359375,57.001049041748,64.3193435668945,57.001049041748,64.3446197509766,57.001049041748
"KY52","K",40.54729776,-74.65962413,0,0,0,0,"Charles Barreca","Charles Barreca","Charles Barreca","Charles Barreca",135,155,177,192,8.91666666666667,6.93333333333333,9.3,7.01666666666667,65.5932159423828,60.8490676879883,66.2489242553711,62.5982933044434,65.6112518310547,60.8490676879883,65.6112518310547,60.8490676879883,65.6115493774414,60.8490676879883,66.2394409179688,62.5982933044434
"KY53","K",40.54657984,-74.66057255,0,0,0,0,"Charles Barreca","Charles Barreca","Charles Barreca","Charles Barreca",135,155,177,192,9.06666666666667,6.78333333333333,9.5,6.78333333333333,57.8359031677246,43.4989891052246,65.560920715332,62.8466300964355,57.8417701721191,43.4989891052246,57.8417739868164,43.4989891052246,57.8418884277344,43.4989891052246,65.5337142944336,62.8466300964355
"KY54","K",40.54586191,-74.66152094,0,0,0,0,"Charles Barreca","Charles Barreca","Charles Barreca","Charles Barreca",135,155,177,192,9.21666666666667,6.65,9.61666666666667,6.63333333333333,66.2890777587891,60.9562797546387,66.3360366821289,60.963508605957,66.3084869384766,60.9562797546387,66.3083190917969,60.9562797546387,66.3083190917969,60.9562797546387,66.3171844482422,60.963508605957
"KY55","K",40.54514397,-74.66246932,0,0,0,0,"Charles Barreca","Charles Barreca","Charles Barreca","Charles Barreca",135,155,177,192,9.36666666666667,6.48333333333333,9.76666666666667,6.46666666666667,64.5012054443359,48.2113189697266,64.4807205200195,48.2113189697266,64.4795608520508,48.2113189697266,64.4789047241211,48.2113189697266,64.478889465332,48.2113189697266,64.5030517578125,48.2113189697266
"KY56","K",40.54730332,-74.66151369,0,0,0,0,"Charles Barreca","Charles Barreca","Charles Barreca","Charles Barreca",135,155,177,192,9.51666666666667,6.3,9.95,6.23333333333333,64.1189575195312,56.7272987365723,64.918830871582,57.8439025878906,64.1401901245117,56.7272987365723,64.1401748657227,56.7272987365723,64.1401748657227,56.7272987365723,64.8985824584961,57.8439025878906
"KY57","K",40.54802125,-74.66056527,0,0,0,0,"Charles Barreca","Charles Barreca","Charles Barreca","Charles Barreca",135,155,177,192,9.7,6.13333333333333,7.7,6.06666666666667,60.6479072570801,48.0558204650879,65.416633605957,62.5712432861328,60.7028465270996,48.0558204650879,60.7028198242188,48.0558204650879,60.7028160095215,48.0558204650879,65.4159698486328,62.5712432861328
"KY58","K",40.54873917,-74.65961683,0,0,0,0,"Charles Barreca","Charles Barreca","Charles Barreca","Charles Barreca",135,157,177,192,9.85,6.45,7.7,5.91666666666667,67.2175750732422,59.9380187988281,67.3793792724609,59.9380187988281,67.2158126831055,59.9380187988281,67.2158126831055,59.9380187988281,67.2158126831055,59.9380187988281,67.383415222168,59.9380187988281
"KY59","K",40.54945709,-74.65866837,0,0,0,0,"Charles Barreca","Charles Barreca","Charles Barreca","Charles Barreca",135,157,177,192,7.7,6.3,7.7,5.78333333333333,63.1848335266113,55.9400978088379,63.2294654846191,55.9400978088379,63.1983985900879,55.9400978088379,63.1983985900879,55.9400978088379,63.1984024047852,55.9400978088379,63.2163276672363,55.9400978088379
"KY60","K",40.55018058,-74.65960953,0,0,0,0,"Charles Barreca","Charles Barreca","Charles Barreca","Charles Barreca",135,157,177,192,7.7,6.16666666666667,7.7,5.65,62.5427398681641,49.3540077209473,62.4320335388184,49.3540077209473,62.4286766052246,49.3540077209473,62.4286766052246,49.3540077209473,62.4286766052246,49.3540077209473,62.546142578125,49.3540077209473
"SR01","S",40.54056863,-74.64904104,0,0,0,0,"Mike Allen","Thom Almendinger","Thom Almendinger","Mike Allen",123,144,163,186,5.63333333333333,9.43333333333333,5.5,9.68333333333333,51.4985656738281,28.8106079101562,51.5901260375977,28.8106079101562,51.6072883605957,28.8106079101562,51.5901260375977,28.8106079101562,51.5901260375977,28.8106079101562,51.4985656738281,28.8106079101562
"SR02","S",40.54128646,-74.64809259,0,0,0,1,"Mike Allen","Thom Almendinger","Thom Almendinger","Mike Allen",123,144,163,186,5.75,9.3,5.61666666666667,9.56666666666667,64.5309219360352,54.3329086303711,64.5945434570312,54.3329086303711,64.6075973510742,54.3329086303711,64.5945434570312,54.3329086303711,64.5945434570312,54.3329086303711,64.5309219360352,54.3329086303711
"SR03","S",40.54200428,-74.64714411,0,0,0,0,"Mike Allen","Thom Almendinger","Thom Almendinger","Mike Allen",123,144,163,186,5.88333333333333,9.18333333333333,5.76666666666667,9.43333333333333,59.8719139099121,39.7110176086426,60.005069732666,39.7110176086426,60.0369720458984,39.7110176086426,60.005069732666,39.7110176086426,60.005069732666,39.7110176086426,59.8719139099121,39.7110176086426
"SR04","S",40.54344569,-74.64713655,0,1,0,1,"Mike Allen","Thom Almendinger","Thom Almendinger","Mike Allen",123,144,163,186,6.01666666666667,9.03333333333333,5.9,9.3,65.2900543212891,48.3576736450195,65.3815460205078,48.3576736450195,65.4138107299805,48.3576736450195,65.3815460205078,48.3576736450195,65.3815460205078,48.3576736450195,65.2900543212891,48.3576736450195
"SR05","S",40.54272787,-74.64808504,0,0,0,0,"Mike Allen","Thom Almendinger","Thom Almendinger","Mike Allen",123,144,163,186,6.15,8.9,6.03333333333333,9.18333333333333,65.383171081543,60.2412872314453,65.4107666015625,60.2412872314453,65.4367599487305,60.2412872314453,65.4107666015625,60.2412872314453,65.4107666015625,60.2412872314453,65.383171081543,60.2412872314453
"SR06","S",40.54201004,-74.64903352,1,1,0,0,"Mike Allen","Thom Almendinger","Thom Almendinger","Mike Allen",123,144,163,186,6.3,8.76666666666667,6.15,9.06666666666667,66.3213500976562,63.7626190185547,66.33154296875,63.7626190185547,66.3888320922852,63.7627143859863,66.33154296875,63.7626190185547,66.33154296875,63.7626190185547,66.3213500976562,63.7626190185547
"SR07","S",40.5412922,-74.64998198,1,0,0,0,"Mike Allen","Thom Almendinger","Thom Almendinger","Mike Allen",123,144,163,186,6.43333333333333,8.61666666666667,6.3,8.91666666666667,65.9729537963867,61.9031066894531,65.9943695068359,61.9031066894531,66.0457153320312,61.9031066894531,65.9943695068359,61.9031066894531,65.9943695068359,61.9031066894531,65.9729537963867,61.9031066894531
"SR08","S",40.54057435,-74.65093041,0,0,0,1,"Mike Allen","Thom Almendinger","Thom Almendinger","Mike Allen",123,144,163,186,6.58333333333333,8.48333333333333,6.41666666666667,8.78333333333333,65.6241302490234,60.5729827880859,65.6429214477539,60.5729827880859,65.7209396362305,60.5729866027832,65.6429214477539,60.5729827880859,65.6429214477539,60.5729827880859,65.6241302490234,60.5729827880859
"SR09","S",40.5398565,-74.65187883,1,0,0,0,"Mike Allen","Thom Almendinger","Thom Almendinger","Mike Allen",123,144,163,186,6.7,8.36666666666667,6.55,8.66666666666667,64.4569549560547,49.737133026123,64.5192947387695,49.737133026123,64.679084777832,49.737133026123,64.5192947387695,49.737133026123,64.5192947387695,49.737133026123,64.4569549560547,49.737133026123
"SR10","S",40.53986218,-74.65376818,0,0,0,0,"Mike Allen","Thom Almendinger","Thom Almendinger","Mike Allen",123,144,163,186,6.85,8.06666666666667,6.7,8.53333333333333,57.2281074523926,39.3961753845215,57.307014465332,39.3961753845215,62.8413238525391,53.397632598877,57.307014465332,39.3961753845215,57.307014465332,39.3961753845215,57.2281074523926,39.3961753845215
"SR11","S",40.54058005,-74.65281978,0,0,0,0,"Mike Allen","Thom Almendinger","Thom Almendinger","Mike Allen",123,144,163,186,6.98333333333333,7.86666666666667,6.81666666666667,8.38333333333333,65.3471832275391,61.4193840026855,65.350830078125,61.4193840026855,65.723503112793,62.7653503417969,65.350830078125,61.4193840026855,65.350830078125,61.4193840026855,65.3471832275391,61.4193840026855
"SR12","S",40.54129791,-74.65187136,0,0,0,0,"Mike Allen","Thom Almendinger","Thom Almendinger","Mike Allen",123,144,163,186,7.1,7.75,6.95,8.25,66.350456237793,63.6496772766113,66.3552780151367,63.6496772766113,66.5543670654297,64.6650085449219,66.3552780151367,63.6496772766113,66.3552780151367,63.6496772766113,66.350456237793,63.6496772766113
"SR13","S",40.54201576,-74.65092293,0,0,1,1,"Mike Allen","Thom Almendinger","Thom Almendinger","Mike Allen",123,144,163,186,7.25,7.6,7.08333333333333,8.13333333333333,66.7573013305664,64.4684371948242,66.7688140869141,64.4684371948242,66.8957595825195,65.2558517456055,66.7688140869141,64.4684371948242,66.7688140869141,64.4684371948242,66.7573013305664,64.4684371948242
"SR14","S",40.54273361,-74.64997447,0,0,0,1,"Mike Allen","Thom Almendinger","Thom Almendinger","Mike Allen",123,144,163,186,7.38333333333333,7.48333333333333,7.21666666666667,7.98333333333333,66.8022079467773,65.2145690917969,66.8075714111328,65.2145690917969,66.9049606323242,65.518424987793,66.8075714111328,65.2145690917969,66.8075714111328,65.2145690917969,66.8022079467773,65.2145690917969
"SR15","S",40.54345144,-74.649026,0,1,0,0,"Mike Allen","Thom Almendinger","Thom Almendinger","Mike Allen",123,144,163,186,7.53333333333333,7.35,7.33333333333333,7.85,66.700798034668,64.6844024658203,66.7103805541992,64.6844024658203,66.7428588867188,64.6894683837891,66.7103805541992,64.6844024658203,66.7103805541992,64.6844024658203,66.700798034668,64.6844024658203
"SR16","S",40.54416927,-74.6480775,1,1,1,1,"Mike Allen","Thom Almendinger","Thom Almendinger","Mike Allen",123,144,163,186,7.68333333333333,7.21666666666667,7.48333333333333,7.73333333333333,66.0277709960938,61.824333190918,66.0353317260742,61.824333190918,66.0723648071289,61.824333190918,66.0353317260742,61.824333190918,66.0353317260742,61.824333190918,66.0277709960938,61.824333190918
"SR17","S",40.54488709,-74.64712898,0,0,1,0,"Mike Allen","Thom Almendinger","Thom Almendinger","Mike Allen",123,144,163,186,7.85,7.08333333333333,7.6,7.61666666666667,67.4308547973633,55.2807846069336,67.4927291870117,55.2807846069336,67.5131683349609,55.2807846069336,67.4927291870117,55.2807846069336,67.4927291870117,55.2807846069336,67.4308547973633,55.2807846069336
"SR18","S",40.5463285,-74.64712142,0,0,0,0,"Mike Allen","Thom Almendinger","Thom Almendinger","Mike Allen",123,144,163,186,7.98333333333333,6.93333333333333,7.73333333333333,7.48333333333333,64.8524017333984,50.5968742370605,64.9414749145508,50.5968742370605,64.9598770141602,50.5968742370605,64.9414749145508,50.5968742370605,64.9414749145508,50.5968742370605,64.8524017333984,50.5968742370605
"SR19","S",40.54561068,-74.64806996,1,1,0,1,"Mike Allen","Thom Almendinger","Thom Almendinger","Mike Allen",123,144,163,186,8.11666666666667,6.8,7.86666666666667,7.35,66.6948089599609,63.4196166992188,66.7236938476562,63.4196166992188,66.7489624023438,63.4196166992188,66.7236938476562,63.4196166992188,66.7236938476562,63.4196166992188,66.6948089599609,63.4196166992188
"SR20","S",40.54489285,-74.64901847,1,1,0,1,"Mike Allen","Thom Almendinger","Thom Almendinger","Mike Allen",123,144,163,186,8.25,6.66666666666667,8,7.2,66.8011474609375,65.1614608764648,66.7928924560547,65.1614608764648,66.8225021362305,65.1630020141602,66.7928924560547,65.1614608764648,66.7928924560547,65.1614608764648,66.8011474609375,65.1614608764648
"SR21","S",40.54417501,-74.64996697,0,0,0,0,"Mike Allen","Thom Almendinger","Thom Almendinger","Mike Allen",123,144,163,186,8.4,6.53333333333333,8.15,7.06666666666667,66.8407363891602,65.318962097168,66.8274536132812,65.318962097168,66.897819519043,65.5122604370117,66.8274536132812,65.318962097168,66.8274536132812,65.318962097168,66.8407363891602,65.318962097168
"SR22","S",40.54345717,-74.65091545,0,0,1,0,"Mike Allen","Thom Almendinger","Thom Almendinger","Mike Allen",123,144,163,186,8.55,6.41666666666667,8.3,6.95,66.815673828125,64.6187744140625,66.8104019165039,64.6187744140625,66.950927734375,65.7161560058594,66.8104019165039,64.6187744140625,66.8104019165039,64.6187744140625,66.815673828125,64.6187744140625
"SR23","S",40.54273931,-74.6518639,0,0,1,1,"Mike Allen","Thom Almendinger","Thom Almendinger","Mike Allen",123,144,163,186,8.7,6.28333333333333,8.43333333333333,6.81666666666667,66.5218734741211,62.6791687011719,66.5247497558594,62.6791687011719,66.8003692626953,64.5957641601562,66.5247497558594,62.6791687011719,66.5247497558594,62.6791687011719,66.5218734741211,62.6791687011719
"SR24","S",40.54202145,-74.65281234,0,0,0,0,"Mike Allen","Thom Almendinger","Thom Almendinger","Mike Allen",123,144,163,186,8.85,6.16666666666667,8.55,6.7,66.0549011230469,59.8256759643555,66.0734634399414,59.8256759643555,66.655647277832,63.1695251464844,66.0734634399414,59.8256759643555,66.0734634399414,59.8256759643555,66.0549011230469,59.8256759643555
"SR25","S",40.54130359,-74.65376075,0,0,0,0,"Mike Allen","Thom Almendinger","Thom Almendinger","Mike Allen",123,144,163,186,9,6.03333333333333,8.7,6.58333333333333,62.7565841674805,50.433650970459,62.7647476196289,50.433650970459,65.1692657470703,57.7864074707031,62.7647476196289,50.433650970459,62.7647476196289,50.433650970459,62.7565841674805,50.433650970459
"SR26","S",40.54058571,-74.65470915,0,0,0,0,"Mike Allen","Thom Almendinger","Thom Almendinger","Mike Allen",123,144,163,186,9.18333333333333,5.9,8.83333333333333,6.43333333333333,37.5590324401855,13.7455968856812,37.6208419799805,13.7455968856812,59.2341232299805,37.0179748535156,37.6208419799805,13.7455968856812,37.6208419799805,13.7455968856812,37.5590324401855,13.7455968856812
"SR27","S",40.54274499,-74.65375333,0,1,0,0,"Mike Allen","Thom Almendinger","Thom Almendinger","Mike Allen",123,144,163,186,9.36666666666667,5.75,8.98333333333333,6.21666666666667,61.1417236328125,42.0133247375488,61.1663970947266,42.0133247375488,65.3493347167969,58.3909111022949,61.1663970947266,42.0133247375488,61.1663970947266,42.0133247375488,61.1417236328125,42.0133247375488
"SR28","S",40.54346286,-74.6528049,1,1,1,1,"Mike Allen","Thom Almendinger","Thom Almendinger","Mike Allen",123,144,163,186,9.5,5.61666666666667,9.1,6.06666666666667,66.2212219238281,60.7964859008789,66.2271270751953,60.7964859008789,66.8671188354492,64.1260833740234,66.2271270751953,60.7964859008789,66.2271270751953,60.7964859008789,66.2212219238281,60.7964859008789
"SR29","S",40.54418072,-74.65185644,0,0,0,0,"Mike Allen","Thom Almendinger","Thom Almendinger","Mike Allen",123,144,163,186,9.63333333333333,5.5,9.21666666666667,5.88333333333333,67.0264663696289,64.0744781494141,67.0260848999023,64.0744781494141,67.276123046875,65.618049621582,67.0260848999023,64.0744781494141,67.0260848999023,64.0744781494141,67.0264663696289,64.0744781494141
"SR30","S",40.54489857,-74.65090796,1,0,1,0,"Mike Allen","Charles Barreca","Thom Almendinger","Mike Allen",123,144,163,186,9.78333333333333,9.68333333333333,9.35,5.73333333333333,67.5208053588867,65.535041809082,67.5249481201172,65.535041809082,67.6416091918945,66.5265197753906,67.5249481201172,65.535041809082,67.5249481201172,65.535041809082,67.5208053588867,65.535041809082
"SR31","S",40.54561642,-74.64995947,0,0,1,0,"Mike Allen","Charles Barreca","Thom Almendinger","Thom Almendinger",124,144,165,184,5.73333333333333,9.51666666666667,5.5,9.15,67.1032028198242,65.4932250976562,67.1169281005859,65.4932250976562,67.1773300170898,65.6075592041016,67.1169281005859,65.4932250976562,67.1169281005859,65.4932250976562,67.1032028198242,65.4932250976562
"SR32","S",40.54633425,-74.64901095,0,0,0,0,"Mike Allen","Charles Barreca","Thom Almendinger","Thom Almendinger",124,144,165,184,5.88333333333333,9.4,5.63333333333333,9.03333333333333,66.8633270263672,64.6493606567383,66.8895721435547,64.6493606567383,66.9286727905273,64.6494522094727,66.8895721435547,64.6493606567383,66.8895721435547,64.6493606567383,66.8633270263672,64.6493606567383
"SR33","S",40.54705208,-74.64806241,0,0,0,0,"Mike Allen","Charles Barreca","Thom Almendinger","Thom Almendinger",124,144,165,184,6.01666666666667,9.26666666666667,5.78333333333333,8.91666666666667,66.1912002563477,61.9874839782715,66.2160949707031,61.9874839782715,66.2455978393555,61.9874839782715,66.2160949707031,61.9874839782715,66.2160949707031,61.9874839782715,66.1912002563477,61.9874839782715
"SR34","S",40.5477699,-74.64711385,0,0,1,0,"Mike Allen","Thom Almendinger","Thom Almendinger","Thom Almendinger",124,142,165,184,6.18333333333333,9.06666666666667,5.95,8.8,63.4357109069824,53.2805671691895,63.5010757446289,53.2805671691895,63.5176391601562,53.2805671691895,63.5010757446289,53.2805671691895,63.5010757446289,53.2805671691895,63.4357109069824,53.2805671691895
"SR35","S",40.54921131,-74.64710629,0,0,1,0,"Mike Allen","Thom Almendinger","Thom Almendinger","Thom Almendinger",124,142,165,184,6.31666666666667,8.93333333333333,6.08333333333333,8.66666666666667,63.618236541748,53.3418579101562,63.6730690002441,53.3418579101562,63.6872978210449,53.3418579101562,63.6730690002441,53.3418579101562,63.6730690002441,53.3418579101562,63.618236541748,53.3418579101562
"SR36","S",40.54849349,-74.64805487,1,0,0,0,"Mike Allen","Thom Almendinger","Thom Almendinger","Thom Almendinger",124,142,165,184,6.5,8.8,6.21666666666667,8.53333333333333,66.1201095581055,62.1965522766113,66.1328735351562,62.1965522766113,66.1565017700195,62.1965522766113,66.1328735351562,62.1965522766113,66.1328735351562,62.1965522766113,66.1201095581055,62.1965522766113
"SR37","S",40.54777566,-74.64900342,0,0,0,0,"Mike Allen","Thom Almendinger","Thom Almendinger","Thom Almendinger",124,142,165,184,6.65,8.66666666666667,6.35,8.41666666666667,66.556022644043,64.3441848754883,66.5779266357422,64.3441848754883,66.604736328125,64.3446350097656,66.5779266357422,64.3441848754883,66.5779266357422,64.3441848754883,66.556022644043,64.3441848754883
"SR38","S",40.54705782,-74.64995196,0,1,0,0,"Mike Allen","Thom Almendinger","Thom Almendinger","Thom Almendinger",124,142,165,184,6.78333333333333,8.5,6.5,8.28333333333333,66.9708557128906,65.3760681152344,66.979377746582,65.3760681152344,67.0309219360352,65.5324325561523,66.979377746582,65.3760681152344,66.979377746582,65.3760681152344,66.9708557128906,65.3760681152344
"SR39","S",40.54633998,-74.65090048,1,0,1,0,"Mike Allen","Thom Almendinger","Thom Almendinger","Thom Almendinger",124,142,165,184,6.93333333333333,8.35,6.61666666666667,8.15,67.2255554199219,65.038200378418,67.2343521118164,65.038200378418,67.3439178466797,66.1459350585938,67.2343521118164,65.038200378418,67.2343521118164,65.038200378418,67.2255554199219,65.038200378418
"SR40","S",40.54562213,-74.65184898,1,0,1,1,"Mike Allen","Thom Almendinger","Thom Almendinger","Thom Almendinger",124,142,165,184,7.06666666666667,8.2,6.75,8.03333333333333,66.9528503417969,63.3863945007324,66.9690399169922,63.3863945007324,67.2334747314453,65.6062698364258,66.9690399169922,63.3863945007324,66.9690399169922,63.3863945007324,66.9528503417969,63.3863945007324
"SR41","S",40.54490427,-74.65279745,0,0,0,0,"Mike Allen","Thom Almendinger","Thom Almendinger","Thom Almendinger",124,142,165,184,7.2,8.05,6.88333333333333,7.9,66.1552124023438,59.0964584350586,66.1798477172852,59.0964584350586,67.0149993896484,64.1733474731445,66.1798477172852,59.0964584350586,66.1798477172852,59.0964584350586,66.1552124023438,59.0964584350586
"SR42","S",40.5441864,-74.65374591,0,0,0,0,"Mike Allen","Thom Almendinger","Thom Almendinger","Thom Almendinger",124,142,165,184,7.36666666666667,7.91666666666667,7.03333333333333,7.78333333333333,59.459228515625,42.8533668518066,59.4602317810059,42.8533668518066,65.2546768188477,56.233512878418,59.4602317810059,42.8533668518066,59.4602317810059,42.8533668518066,59.459228515625,42.8533668518066
"SR43","S",40.5456278,-74.65373849,0,1,0,0,"Mike Allen","Thom Almendinger","Thom Almendinger","Thom Almendinger",124,142,165,184,7.51666666666667,7.76666666666667,7.16666666666667,7.65,54.4738006591797,33.6158981323242,54.5022315979004,33.6158981323242,64.017578125,53.5787620544434,54.5022315979004,33.6158981323242,54.5022315979004,33.6158981323242,54.4738006591797,33.6158981323242
"SR44","S",40.54634567,-74.65279001,1,0,1,1,"Mike Allen","Thom Almendinger","Thom Almendinger","Thom Almendinger",124,142,165,184,7.66666666666667,7.65,7.3,7.51666666666667,65.7723236083984,60.1153450012207,65.7931976318359,60.1153450012207,66.3866729736328,62.6864738464355,65.7931976318359,60.1153450012207,65.7931976318359,60.1153450012207,65.7723236083984,60.1153450012207
"SR45","S",40.54706353,-74.65184151,0,0,0,1,"Mike Allen","Thom Almendinger","Thom Almendinger","Thom Almendinger",124,142,165,184,7.8,7.53333333333333,7.43333333333333,7.4,67.0491027832031,63.7996025085449,67.0596542358398,63.7996025085449,67.2565612792969,65.1963272094727,67.0596542358398,63.7996025085449,67.0596542358398,63.7996025085449,67.0491027832031,63.7996025085449
"SR46","S",40.54778138,-74.65089299,0,1,0,1,"Mike Allen","Thom Almendinger","Thom Almendinger","Thom Almendinger",124,142,165,184,7.95,7.38333333333333,7.56666666666667,7.26666666666667,67.0643463134766,64.9683380126953,67.0645904541016,64.9683380126953,67.1474151611328,65.6283645629883,67.0645904541016,64.9683380126953,67.0645904541016,64.9683380126953,67.0643463134766,64.9683380126953
"SR47","S",40.54849923,-74.64994446,0,0,0,0,"Mike Allen","Thom Almendinger","Thom Almendinger","Thom Almendinger",124,142,165,184,8.11666666666667,7.25,7.7,7.13333333333333,66.9306564331055,65.5675735473633,66.9397964477539,65.5675735473633,66.9803314208984,65.6981887817383,66.9397964477539,65.5675735473633,66.9397964477539,65.5675735473633,66.9306564331055,65.5675735473633
"SR48","S",40.54921706,-74.6489959,0,0,0,1,"Mike Allen","Thom Almendinger","Thom Almendinger","Thom Almendinger",124,142,165,184,8.25,7.11666666666667,7.83333333333333,7.01666666666667,66.1127624511719,64.0253143310547,66.1173629760742,64.0253143310547,66.1317825317383,64.0253524780273,66.1173629760742,64.0253143310547,66.1173629760742,64.0253143310547,66.1127624511719,64.0253143310547
"SR49","S",40.54993489,-74.64804732,1,1,0,0,"Mike Allen","Thom Almendinger","Thom Almendinger","Thom Almendinger",124,142,165,184,8.4,6.98333333333333,7.95,6.88333333333333,65.1765594482422,60.3101196289062,65.1375503540039,60.3101196289062,65.1543502807617,60.3101196289062,65.1375503540039,60.3101196289062,65.1375503540039,60.3101196289062,65.1765594482422,60.3101196289062
"SR50","S",40.55065271,-74.64709872,0,0,0,0,"Mike Allen","Thom Almendinger","Thom Almendinger","Thom Almendinger",124,142,165,184,8.53333333333333,6.85,8.08333333333333,6.75,62.7461853027344,54.5546875,62.7367935180664,54.5546875,62.7483253479004,54.5546875,62.7367935180664,54.5546875,62.7367935180664,54.5546875,62.7461853027344,54.5546875
"SR51","S",40.54994063,-74.64993695,0,0,0,0,"Mike Allen","Thom Almendinger","Thom Almendinger","Thom Almendinger",124,142,165,184,8.76666666666667,6.68333333333333,8.25,6.6,65.6699600219727,61.5810890197754,65.6679992675781,61.5810890197754,65.6993713378906,61.5810890197754,65.6679992675781,61.5810890197754,65.6679992675781,61.5810890197754,65.6699600219727,61.5810890197754
"SR52","S",40.54922279,-74.65088551,0,0,0,0,"Mike Allen","Thom Almendinger","Thom Almendinger","Thom Almendinger",124,142,165,184,8.91666666666667,6.55,8.38333333333333,6.43333333333333,66.0478668212891,62.4783096313477,66.0261383056641,62.4783096313477,66.0799560546875,62.5021324157715,66.0261383056641,62.4783096313477,66.0261383056641,62.4783096313477,66.0478668212891,62.4783096313477
"SR53","S",40.54850494,-74.65183405,0,1,1,1,"Mike Allen","Thom Almendinger","Thom Almendinger","Thom Almendinger",124,142,165,184,9.06666666666667,6.43333333333333,8.5,6.3,66.44921875,63.4844589233398,66.4457168579102,63.4844589233398,66.5902099609375,64.9876327514648,66.4457168579102,63.4844589233398,66.4457168579102,63.4844589233398,66.44921875,63.4844589233398
"SR54","S",40.54778708,-74.65278257,0,0,0,0,"Mike Allen","Thom Almendinger","Thom Almendinger","Thom Almendinger",124,142,165,184,9.21666666666667,6.28333333333333,8.63333333333333,6.16666666666667,65.3907318115234,57.219596862793,65.4080505371094,57.219596862793,66.0563201904297,62.8871612548828,65.4080505371094,57.219596862793,65.4080505371094,57.219596862793,65.3907318115234,57.219596862793
"SR55","S",40.54706921,-74.65373106,0,0,0,1,"Mike Allen","Thom Almendinger","Thom Almendinger","Thom Almendinger",124,142,165,184,9.36666666666667,6.15,8.76666666666667,6.05,53.4206504821777,32.9648704528809,53.4390144348145,32.9648704528809,63.989315032959,51.4410514831543,53.4390144348145,32.9648704528809,53.4390144348145,32.9648704528809,53.4206504821777,32.9648704528809
"SR56","S",40.54851062,-74.65372364,0,0,0,0,"Mike Allen","Thom Almendinger","Thom Almendinger","Thom Almendinger",124,142,165,184,9.51666666666667,6,8.85,5.9,54.5215263366699,32.3701057434082,54.5412216186523,32.3701057434082,66.6602325439453,53.0405464172363,54.5412216186523,32.3701057434082,54.5412216186523,32.3701057434082,54.5215263366699,32.3701057434082
"SR57","S",40.54922848,-74.65277512,0,0,0,0,"Mike Allen","Thom Almendinger","Thom Almendinger","Thom Almendinger",124,142,165,184,9.63333333333333,5.86666666666667,9.03333333333333,5.78333333333333,64.5476303100586,58.596866607666,64.5506744384766,58.596866607666,65.0376892089844,60.4460296630859,64.5506744384766,58.596866607666,64.5506744384766,58.596866607666,64.5476303100586,58.596866607666
"SR58","S",40.54994634,-74.65182658,0,0,0,0,"Mike Allen","Thom Almendinger","Thom Almendinger","Thom Almendinger",124,142,165,184,9.78333333333333,5.73333333333333,9.15,5.63333333333333,52.9721603393555,28.5368175506592,52.8287010192871,28.5368175506592,52.9087448120117,28.5368175506592,52.8287010192871,28.5368175506592,52.8287010192871,28.5368175506592,52.9721603393555,28.5368175506592
"SR59","S",40.54995202,-74.65371622,0,0,0,0,"Mike Allen","Thom Almendinger","Thom Almendinger","Thom Almendinger",124,142,165,184,9.91666666666667,5.58333333333333,9.3,5.5,50.0854301452637,25.9228801727295,50.0577583312988,25.9228801727295,64.2275314331055,50.3971290588379,50.0577583312988,25.9228801727295,50.0577583312988,25.9228801727295,50.0854301452637,25.9228801727295
"SY01","S",40.53985365,-74.65093415,0,0,0,0,"Mike Allen","Mike Allen","Mike Allen","Mike Allen",130,157,171,192,5.65,9.66666666666667,5.61666666666667,9.63333333333333,66.225341796875,52.6308174133301,66.3060150146484,52.6308174133301,66.3724517822266,52.6308174133301,66.3060150146484,52.6308174133301,66.3060150146484,52.6308174133301,66.225341796875,52.6308174133301
"SY02","S",40.5405715,-74.64998573,1,0,0,0,"Mike Allen","Mike Allen","Mike Allen","Mike Allen",130,157,171,192,5.76666666666667,9.55,5.75,9.5,64.0021591186523,49.3017387390137,64.076057434082,49.3017387390137,64.117073059082,49.3017387390137,64.076057434082,49.3017387390137,64.076057434082,49.3017387390137,64.0021591186523,49.3017387390137
"SY03","S",40.54128933,-74.64903728,0,1,0,0,"Mike Allen","Mike Allen","Mike Allen","Mike Allen",130,157,171,192,5.88333333333333,9.43333333333333,5.9,9.38333333333333,65.0832977294922,60.3311462402344,65.1077728271484,60.3311462402344,65.1584625244141,60.3311462402344,65.1077728271484,60.3311462402344,65.1077728271484,60.3311462402344,65.0832977294922,60.3311462402344
"SY04","S",40.54200716,-74.64808882,0,0,1,0,"Mike Allen","Mike Allen","Mike Allen","Mike Allen",130,157,171,192,6.01666666666667,9.3,6.01666666666667,9.25,64.6371765136719,58.8673896789551,64.6688461303711,58.8673896789551,64.6759719848633,58.8673896789551,64.6688461303711,58.8673896789551,64.6688461303711,58.8673896789551,64.6371765136719,58.8673896789551
"SY05","S",40.54128358,-74.64714789,0,0,0,0,"Mike Allen","Mike Allen","Mike Allen","Mike Allen",130,157,171,192,6.16666666666667,9.15,6.16666666666667,9.13333333333333,55.8574028015137,31.2686786651611,56.0205154418945,31.2686786651611,56.0409240722656,31.2686786651611,56.0205154418945,31.2686786651611,56.0205154418945,31.2686786651611,55.8574028015137,31.2686786651611
"SY06","S",40.54272499,-74.64714033,0,0,0,0,"Mike Allen","Mike Allen","Mike Allen","Mike Allen",130,157,171,192,6.28333333333333,9,6.3,8.98333333333333,62.8392372131348,45.1372680664062,62.939079284668,45.1372680664062,62.9720458984375,45.1372680664062,62.939079284668,45.1372680664062,62.939079284668,45.1372680664062,62.8392372131348,45.1372680664062
"SY07","S",40.54416639,-74.64713277,0,0,0,0,"Mike Allen","Mike Allen","Mike Allen","Mike Allen",130,157,171,192,6.41666666666667,8.85,6.43333333333333,8.85,65.7205810546875,49.9011421203613,65.8044128417969,49.9011421203613,65.8292922973633,49.9011421203613,65.8044128417969,49.9011421203613,65.8044128417969,49.9011421203613,65.7205810546875,49.9011421203613
"SY08","S",40.54344857,-74.64808127,1,0,0,0,"Mike Allen","Mike Allen","Mike Allen","Mike Allen",130,157,171,192,6.53333333333333,8.71666666666667,6.55,8.73333333333333,65.8620223999023,61.107837677002,65.8826141357422,61.107837677002,65.9246978759766,61.107837677002,65.8826141357422,61.107837677002,65.8826141357422,61.107837677002,65.8620223999023,61.107837677002
"SY09","S",40.54273074,-74.64902976,0,1,0,0,"Mike Allen","Mike Allen","Mike Allen","Mike Allen",130,157,171,192,6.66666666666667,8.6,6.7,8.6,66.6302108764648,64.318977355957,66.6432189941406,64.318977355957,66.69140625,64.3233642578125,66.6432189941406,64.318977355957,66.6432189941406,64.318977355957,66.6302108764648,64.318977355957
"SY10","S",40.5420129,-74.64997822,0,0,0,0,"Mike Allen","Mike Allen","Mike Allen","Mike Allen",130,157,171,192,6.76666666666667,8.45,6.85,8.48333333333333,66.4633407592773,64.6441650390625,66.4728012084961,64.6441650390625,66.5540313720703,64.7210998535156,66.4728012084961,64.6441650390625,66.4728012084961,64.6441650390625,66.4633407592773,64.6441650390625
"SY11","S",40.54129506,-74.65092667,0,0,0,1,"Mike Allen","Mike Allen","Mike Allen","Mike Allen",130,157,171,192,6.91666666666667,8.3,6.98333333333333,8.36666666666667,66.570182800293,63.9186401367188,66.5862655639648,63.9186401367188,66.6744842529297,64.0577163696289,66.5862655639648,63.9186401367188,66.5862655639648,63.9186401367188,66.570182800293,63.9186401367188
"SY12","S",40.5405772,-74.6518751,0,0,1,0,"Mike Allen","Mike Allen","Mike Allen","Mike Allen",130,157,171,192,7.03333333333333,8.16666666666667,7.1,8.23333333333333,65.7023162841797,62.273494720459,65.7173004150391,62.273494720459,65.8891296386719,62.4250068664551,65.7173004150391,62.273494720459,65.7173004150391,62.273494720459,65.7023162841797,62.273494720459
"SY13","S",40.53985934,-74.6528235,0,1,0,0,"Mike Allen","Mike Allen","Mike Allen","Mike Allen",130,157,171,192,7.16666666666667,8.03333333333333,7.23333333333333,8.11666666666667,62.7556953430176,53.7196273803711,62.8025703430176,53.7196273803711,63.2575874328613,53.8518257141113,62.8025703430176,53.7196273803711,62.8025703430176,53.7196273803711,62.7556953430176,53.7196273803711
"SY14","S",40.53986501,-74.65471285,0,0,0,0,"Mike Allen","Mike Allen","Mike Allen","Mike Allen",130,157,171,192,7.35,7.88333333333333,7.38333333333333,7.96666666666667,39.0465469360352,16.1476554870605,39.0910415649414,16.1476554870605,59.0901145935059,41.8636589050293,39.0910415649414,16.1476554870605,39.0910415649414,16.1476554870605,39.0465469360352,16.1476554870605
"SY15","S",40.54058288,-74.65376447,0,0,0,0,"Mike Allen","Mike Allen","Mike Allen","Mike Allen",130,157,171,192,7.48333333333333,7.75,7.51666666666667,7.83333333333333,62.8005790710449,52.4801063537598,62.8117637634277,52.4801063537598,64.7882766723633,58.3276290893555,62.8117637634277,52.4801063537598,62.8117637634277,52.4801063537598,62.8005790710449,52.4801063537598
"SY16","S",40.54130075,-74.65281606,0,0,0,0,"Mike Allen","Mike Allen","Mike Allen","Mike Allen",130,157,171,192,7.61666666666667,7.63333333333333,7.63333333333333,7.7,66.1011505126953,61.4153747558594,66.116813659668,61.4153747558594,66.5661315917969,63.3092880249023,66.116813659668,61.4153747558594,66.116813659668,61.4153747558594,66.1011505126953,61.4153747558594
"SY17","S",40.54201861,-74.65186763,0,0,0,1,"Mike Allen","Mike Allen","Mike Allen","Mike Allen",130,157,171,192,7.75,7.51666666666667,7.75,7.56666666666667,66.7257766723633,63.2711372375488,66.7400741577148,63.2711372375488,66.9632034301758,64.8783721923828,66.7400741577148,63.2711372375488,66.7400741577148,63.2711372375488,66.7257766723633,63.2711372375488
"SY18","S",40.54273646,-74.65091919,0,0,0,1,"Mike Allen","Mike Allen","Mike Allen","Mike Allen",130,157,171,192,7.86666666666667,7.38333333333333,7.9,7.45,66.6938400268555,64.2543182373047,66.6981964111328,64.2543182373047,66.8397216796875,65.2927932739258,66.6981964111328,64.2543182373047,66.6981964111328,64.2543182373047,66.6938400268555,64.2543182373047
"SY19","S",40.54345431,-74.64997072,0,0,1,1,"Mike Allen","Mike Allen","Mike Allen","Mike Allen",130,157,171,192,8,7.25,8.03333333333333,7.33333333333333,66.9079360961914,65.4681549072266,66.9068450927734,65.4681549072266,67.0050582885742,65.8730087280273,66.9068450927734,65.4681549072266,66.9068450927734,65.4681549072266,66.9079360961914,65.4681549072266
"SY20","S",40.54417215,-74.64902223,0,0,0,0,"Mike Allen","Mike Allen","Mike Allen","Mike Allen",130,157,171,192,8.13333333333333,7.11666666666667,8.16666666666667,7.21666666666667,66.6846160888672,64.7592544555664,66.6874313354492,64.7592544555664,66.7107772827148,64.7633895874023,66.6874313354492,64.7592544555664,66.6874313354492,64.7592544555664,66.6846160888672,64.7592544555664
"SY21","S",40.54488997,-74.64807373,1,1,1,1,"Mike Allen","Mike Allen","Mike Allen","Mike Allen",130,157,171,192,8.26666666666667,6.96666666666667,8.28333333333333,7.08333333333333,66.6128845214844,63.2762832641602,66.6171417236328,63.2762832641602,66.6541442871094,63.2762832641602,66.6171417236328,63.2762832641602,66.6171417236328,63.2762832641602,66.6128845214844,63.2762832641602
"SY22","S",40.5456078,-74.6471252,0,0,0,0,"Mike Allen","Mike Allen","Mike Allen","Mike Allen",130,157,171,192,8.38333333333333,6.85,8.41666666666667,6.95,66.6128768920898,54.3137435913086,66.6911010742188,54.3137435913086,66.7047805786133,54.3137435913086,66.6911010742188,54.3137435913086,66.6911010742188,54.3137435913086,66.6128768920898,54.3137435913086
"SY23","S",40.5470492,-74.64711764,0,0,0,0,"Mike Allen","Mike Allen","Mike Allen","Mike Allen",130,157,171,192,8.56666666666667,6.71666666666667,8.56666666666667,6.81666666666667,64.4131317138672,51.4037399291992,64.4960021972656,51.4037399291992,64.5154418945312,51.4037399291992,64.4960021972656,51.4037399291992,64.4960021972656,51.4037399291992,64.4131317138672,51.4037399291992
"SY24","S",40.54633138,-74.64806618,0,0,1,0,"Mike Allen","Mike Allen","Mike Allen","Mike Allen",130,157,171,192,8.68333333333333,6.6,8.68333333333333,6.7,66.2004699707031,62.2600555419922,66.2297744750977,62.2600555419922,66.2536468505859,62.2600555419922,66.2297744750977,62.2600555419922,66.2297744750977,62.2600555419922,66.2004699707031,62.2600555419922
"SY25","S",40.54561355,-74.64901471,0,1,1,1,"Mike Allen","Mike Allen","Mike Allen","Mike Allen",130,157,171,192,8.78333333333333,6.48333333333333,8.81666666666667,6.6,67.3074340820312,65.4311294555664,67.3303298950195,65.4311294555664,67.3740539550781,65.4380874633789,67.3303298950195,65.4311294555664,67.3303298950195,65.4311294555664,67.3074340820312,65.4311294555664
"SY26","S",40.54489571,-74.64996322,1,1,0,1,"Mike Allen","Mike Allen","Mike Allen","Mike Allen",130,157,171,192,8.91666666666667,6.36666666666667,8.93333333333333,6.45,67.3850708007812,66.0505218505859,67.3808975219727,66.0505218505859,67.4478607177734,66.3794250488281,67.3808975219727,66.0505218505859,67.3808975219727,66.0505218505859,67.3850708007812,66.0505218505859
"SY27","S",40.54417787,-74.6509117,0,0,0,1,"Mike Allen","Mike Allen","Mike Allen","Mike Allen",130,157,171,192,9.03333333333333,6.16666666666667,9.1,6.3,66.8406982421875,64.8202056884766,66.8246383666992,64.8202056884766,66.9336395263672,65.3304824829102,66.8246383666992,64.8202056884766,66.8246383666992,64.8202056884766,66.8406982421875,64.8202056884766
"SY28","S",40.54346002,-74.65186017,1,0,0,0,"Mike Allen","Mike Allen","Mike Allen","Mike Allen",130,157,171,192,9.13333333333333,5.98333333333333,9.21666666666667,6.15,66.5189666748047,63.3394317626953,66.5056076049805,63.3394317626953,66.7309494018555,64.8754577636719,66.5056076049805,63.3394317626953,66.5056076049805,63.3394317626953,66.5189666748047,63.3394317626953
"SY29","S",40.54274216,-74.65280862,0,1,1,1,"Mike Allen","Mike Allen","Mike Allen","Mike Allen",130,157,171,192,9.25,5.86666666666667,9.35,5.98333333333333,65.8993225097656,58.9443473815918,65.9099731445312,58.9443473815918,66.5799407958984,63.1857833862305,65.9099731445312,58.9443473815918,65.9099731445312,58.9443473815918,65.8993225097656,58.9443473815918
"SY30","S",40.54202429,-74.65375704,0,0,1,1,"Mike Allen","Mike Allen","Mike Allen","Mike Allen",130,157,171,192,9.36666666666667,5.75,9.46666666666667,5.78333333333333,61.9926795959473,47.0944786071777,62.0046157836914,47.0944786071777,65.0341644287109,57.6538619995117,62.0046157836914,47.0944786071777,62.0046157836914,47.0944786071777,61.9926795959473,47.0944786071777
"SY31","S",40.54130641,-74.65470545,0,0,0,0,"Mike Allen","Mike Allen","Mike Allen","Mike Allen",131,156,173,191,5.81666666666667,9.68333333333333,5.68333333333333,9.85,35.6945304870605,12.892993927002,35.7815132141113,12.892993927002,58.0833892822266,37.3423080444336,35.7815132141113,12.892993927002,35.7815132141113,12.892993927002,35.6945304870605,12.892993927002
"SY32","S",40.5434657,-74.65374962,1,0,0,0,"Mike Allen","Mike Allen","Mike Allen","Mike Allen",131,156,173,191,6,9.51666666666667,5.85,9.66666666666667,61.3150253295898,45.7424964904785,61.3245544433594,45.7424964904785,65.672607421875,59.2219047546387,61.3245544433594,45.7424964904785,61.3245544433594,45.7424964904785,61.3150253295898,45.7424964904785
"SY33","S",40.54418356,-74.65280118,1,0,0,0,"Mike Allen","Mike Allen","Mike Allen","Mike Allen",131,156,173,191,6.18333333333333,9.36666666666667,6.03333333333333,9.5,66.1115036010742,60.9998741149902,66.1358642578125,60.9998741149902,66.8922271728516,63.9770774841309,66.1358642578125,60.9998741149902,66.1358642578125,60.9998741149902,66.1115036010742,60.9998741149902
"SY34","S",40.54490142,-74.65185271,1,0,0,0,"Mike Allen","Mike Allen","Mike Allen","Mike Allen",131,156,173,191,6.31666666666667,9.23333333333333,6.16666666666667,9.33333333333333,67.1453323364258,63.8843574523926,67.1615295410156,63.8843574523926,67.4339447021484,65.9389877319336,67.1615295410156,63.8843574523926,67.1615295410156,63.8843574523926,67.1453323364258,63.8843574523926
"SY35","S",40.54561928,-74.65090422,1,1,0,0,"Mike Allen","Mike Allen","Mike Allen","Mike Allen",131,156,173,191,6.41666666666667,9.1,6.3,9.2,67.0583801269531,64.9601821899414,67.073600769043,64.9601821899414,67.1859741210938,65.6182632446289,67.073600769043,64.9601821899414,67.073600769043,64.9601821899414,67.0583801269531,64.9601821899414
"SY36","S",40.54633712,-74.64995571,0,0,0,0,"Mike Allen","Mike Allen","Mike Allen","Mike Allen",131,156,173,191,6.55,8.96666666666667,6.41666666666667,9.06666666666667,67.0680999755859,65.4138031005859,67.0787887573242,65.4138031005859,67.145133972168,65.6140899658203,67.0787887573242,65.4138031005859,67.0787887573242,65.4138031005859,67.0680999755859,65.4138031005859
"SY37","S",40.54705496,-74.64900719,0,0,0,0,"Mike Allen","Mike Allen","Mike Allen","Mike Allen",131,156,173,191,6.66666666666667,8.85,6.51666666666667,8.93333333333333,66.7483978271484,64.3686981201172,66.7751235961914,64.3686981201172,66.8114013671875,64.3688278198242,66.7751235961914,64.3686981201172,66.7751235961914,64.3686981201172,66.7483978271484,64.3686981201172
"SY38","S",40.54777278,-74.64805864,1,1,1,0,"Mike Allen","Mike Allen","Mike Allen","Mike Allen",131,156,173,191,6.78333333333333,8.7,6.65,8.78333333333333,66.1465454101562,62.3421783447266,66.1671371459961,62.3421783447266,66.1922607421875,62.3421783447266,66.1671371459961,62.3421783447266,66.1671371459961,62.3421783447266,66.1465454101562,62.3421783447266
"SY39","S",40.5484906,-74.64711007,0,1,0,0,"Mike Allen","Mike Allen","Mike Allen","Mike Allen",131,156,173,191,6.9,8.55,6.78333333333333,8.66666666666667,63.4923400878906,53.1719131469727,63.5547790527344,53.1719131469727,63.5681571960449,53.1719131469727,63.5547790527344,53.1719131469727,63.5547790527344,53.1719131469727,63.4923400878906,53.1719131469727
"SY40","S",40.54993201,-74.6471025,0,0,0,0,"Mike Allen","Mike Allen","Mike Allen","Mike Allen",131,156,173,191,7.01666666666667,8.41666666666667,6.95,8.5,63.7117309570312,54.1075820922852,63.7500648498535,54.1075820922852,63.7645416259766,54.1075820922852,63.7500648498535,54.1075820922852,63.7500648498535,54.1075820922852,63.7117309570312,54.1075820922852
"SY41","S",40.54921419,-74.64805109,0,0,0,1,"Mike Allen","Mike Allen","Mike Allen","Mike Allen",131,156,173,191,7.15,8.26666666666667,7.08333333333333,8.38333333333333,65.8924560546875,61.7953720092773,65.8913726806641,61.7953720092773,65.9125213623047,61.7953720092773,65.8913726806641,61.7953720092773,65.8913726806641,61.7953720092773,65.8924560546875,61.7953720092773
"SY42","S",40.54849636,-74.64899966,0,1,0,1,"Mike Allen","Mike Allen","Mike Allen","Mike Allen",131,156,173,191,7.26666666666667,8.15,7.2,8.25,66.4527816772461,64.2609176635742,66.4694671630859,64.2609176635742,66.4880828857422,64.2611618041992,66.4694671630859,64.2609176635742,66.4694671630859,64.2609176635742,66.4527816772461,64.2609176635742
"SY43","S",40.54777852,-74.64994821,1,1,0,0,"Mike Allen","Mike Allen","Mike Allen","Mike Allen",131,156,173,191,7.38333333333333,8.01666666666667,7.35,8.11666666666667,66.8659439086914,65.3496017456055,66.8753051757812,65.3496017456055,66.9036026000977,65.4705505371094,66.8753051757812,65.3496017456055,66.8753051757812,65.3496017456055,66.8659439086914,65.3496017456055
"SY44","S",40.54706068,-74.65089674,0,0,1,0,"Mike Allen","Mike Allen","Mike Allen","Mike Allen",131,156,173,191,7.5,7.88333333333333,7.46666666666667,7.98333333333333,67.2222442626953,65.1524124145508,67.2264709472656,65.1524124145508,67.3253173828125,65.9910354614258,67.2264709472656,65.1524124145508,67.2264709472656,65.1524124145508,67.2222442626953,65.1524124145508
"SY45","S",40.54634283,-74.65184524,0,1,0,0,"Mike Allen","Mike Allen","Mike Allen","Mike Allen",131,156,173,191,7.61666666666667,7.73333333333333,7.6,7.85,67.013542175293,63.583065032959,67.026741027832,63.583065032959,67.2563629150391,65.3036117553711,67.026741027832,63.583065032959,67.026741027832,63.583065032959,67.013542175293,63.583065032959
"SY46","S",40.54562497,-74.65279373,0,0,1,1,"Mike Allen","Mike Allen","Mike Allen","Mike Allen",131,156,173,191,7.75,7.6,7.73333333333333,7.73333333333333,65.8714294433594,58.4844932556152,65.8974151611328,58.4844932556152,66.6845092773438,63.3207359313965,65.8974151611328,58.4844932556152,65.8974151611328,58.4844932556152,65.8714294433594,58.4844932556152
"SY47","S",40.5449071,-74.6537422,0,0,0,0,"Mike Allen","Mike Allen","Mike Allen","Mike Allen",131,156,173,191,7.86666666666667,7.48333333333333,7.86666666666667,7.58333333333333,56.1340942382812,35.3581886291504,56.1574630737305,35.3581886291504,64.7797622680664,57.7080345153809,56.1574630737305,35.3581886291504,56.1574630737305,35.3581886291504,56.1340942382812,35.3581886291504
"SY48","S",40.54634851,-74.65373478,0,0,0,0,"Mike Allen","Mike Allen","Mike Allen","Mike Allen",131,156,173,191,7.98333333333333,7.33333333333333,8.03333333333333,7.43333333333333,54.2010078430176,34.0486679077148,54.2252655029297,34.0486679077148,63.9288940429688,52.9706077575684,54.2252655029297,34.0486679077148,54.2252655029297,34.0486679077148,54.2010078430176,34.0486679077148
"SY49","S",40.54706637,-74.65278629,0,0,1,0,"Mike Allen","Mike Allen","Mike Allen","Mike Allen",131,156,173,191,8.08333333333333,7.21666666666667,8.16666666666667,7.31666666666667,65.8188629150391,59.9525871276855,65.8376541137695,59.9525871276855,66.3789825439453,62.302059173584,65.8376541137695,59.9525871276855,65.8376541137695,59.9525871276855,65.8188629150391,59.9525871276855
"SY50","S",40.54778423,-74.65183778,0,1,1,1,"Mike Allen","Mike Allen","Mike Allen","Mike Allen",131,156,173,191,8.2,7.08333333333333,8.3,7.18333333333333,66.7561111450195,63.5512924194336,66.7635650634766,63.5512924194336,66.9356384277344,65.2009506225586,66.7635650634766,63.5512924194336,66.7635650634766,63.5512924194336,66.7561111450195,63.5512924194336
"SY51","S",40.54850209,-74.65088925,1,1,0,1,"Mike Allen","Mike Allen","Mike Allen","Mike Allen",131,156,173,191,8.33333333333333,6.95,8.43333333333333,7.06666666666667,66.7876968383789,65.0295944213867,66.7799911499023,65.0295944213867,66.8496932983398,65.6748504638672,66.7799911499023,65.0295944213867,66.7799911499023,65.0295944213867,66.7876968383789,65.0295944213867
"SY52","S",40.54921993,-74.6499407,0,0,0,0,"Mike Allen","Mike Allen","Mike Allen","Mike Allen",131,156,173,191,8.43333333333333,6.81666666666667,8.58333333333333,6.95,66.329460144043,64.7409210205078,66.3390426635742,64.7409210205078,66.3684768676758,64.7690658569336,66.3390426635742,64.7409210205078,66.3390426635742,64.7409210205078,66.329460144043,64.7409210205078
"SY53","S",40.54993776,-74.64899214,0,0,0,0,"Mike Allen","Mike Allen","Mike Allen","Mike Allen",131,156,173,191,8.55,6.68333333333333,8.71666666666667,6.83333333333333,65.0933532714844,60.7237930297852,65.0612640380859,60.7237930297852,65.0761947631836,60.7237930297852,65.0612640380859,60.7237930297852,65.0612640380859,60.7237930297852,65.0933532714844,60.7237930297852
"SY54","S",40.55066133,-74.6499332,0,0,0,0,"Mike Allen","Mike Allen","Mike Allen","Mike Allen",131,156,173,191,8.68333333333333,6.56666666666667,8.85,6.71666666666667,63.0405921936035,47.9131622314453,63.0158843994141,47.9131622314453,63.0385856628418,47.9131622314453,63.0158843994141,47.9131622314453,63.0158843994141,47.9131622314453,63.0405921936035,47.9131622314453
"SY55","S",40.54994349,-74.65088177,0,0,0,0,"Mike Allen","Mike Allen","Mike Allen","Mike Allen",131,156,173,191,8.81666666666667,6.45,8.98333333333333,6.6,65.1961822509766,52.5693588256836,65.1436538696289,52.5693588256836,65.1830139160156,52.5693588256836,65.1436538696289,52.5693588256836,65.1436538696289,52.5693588256836,65.1961822509766,52.5693588256836
"SY56","S",40.54922564,-74.65183032,0,0,0,0,"Mike Allen","Mike Allen","Mike Allen","Mike Allen",131,156,173,191,8.93333333333333,6.31666666666667,9.1,6.46666666666667,65.2634658813477,59.0836601257324,65.2179641723633,59.0836601257324,65.3426284790039,59.1171760559082,65.2179641723633,59.0836601257324,65.2179641723633,59.0836601257324,65.2634658813477,59.0836601257324
"SY57","S",40.54850778,-74.65277884,0,1,1,0,"Mike Allen","Mike Allen","Mike Allen","Mike Allen",131,156,173,191,9.06666666666667,6.16666666666667,9.23333333333333,6.3,65.3481216430664,58.8926239013672,65.3581314086914,58.8926239013672,65.8867492675781,62.6287117004395,65.3581314086914,58.8926239013672,65.3581314086914,58.8926239013672,65.3481216430664,58.8926239013672
"SY58","S",40.54778991,-74.65372735,0,0,0,0,"Mike Allen","Mike Allen","Mike Allen","Mike Allen",131,156,173,191,9.18333333333333,6.03333333333333,9.35,6.05,52.8615417480469,26.7616291046143,52.8883285522461,26.7616291046143,67.0291366577148,55.3582344055176,52.8883285522461,26.7616291046143,52.8883285522461,26.7616291046143,52.8615417480469,26.7616291046143
"SY59","S",40.54923132,-74.65371993,0,0,0,0,"Mike Allen","Mike Allen","Mike Allen","Mike Allen",131,156,173,191,9.3,5.9,9.5,5.88333333333333,52.0474700927734,28.0743923187256,52.0674514770508,28.0743923187256,66.1949768066406,52.2776222229004,52.0674514770508,28.0743923187256,52.0674514770508,28.0743923187256,52.0474700927734,28.0743923187256
"SY60","S",40.54994918,-74.6527714,0,0,0,0,"Mike Allen","Mike Allen","Mike Allen","Mike Allen",131,156,173,191,9.43333333333333,5.78333333333333,9.63333333333333,5.75,63.9867553710938,52.2357406616211,63.962516784668,52.2357406616211,64.4873809814453,53.8006248474121,63.962516784668,52.2357406616211,63.962516784668,52.2357406616211,63.9867553710938,52.2357406616211
